x	y	z
0	0	0.19332276539990328
0	2	0.24015266967805665
0	4	0.2941894533368088
0	6	0.35470912359740586
0	8	0.4202655670144948
0	10	0.4886403531063123
0	12	0.5567222341801883
0	14	0.6224069508198093
0	16	0.6829639404602248
0	18	0.7367051765160073
0	20	0.7823066612017082
0	22	0.8198185410450523
0	24	0.8496962960526522
0	26	0.8722730709715364
0	28	0.8887792771201048
0	30	0.8995698841608647
0	32	0.9048606455240635
0	34	0.9048150988743009
0	36	0.8989513917572807
0	38	0.8870073802166671
0	40	0.8697267824610857
0	42	0.8478071728431965
0	44	0.8220398621085386
0	46	0.7967992552017802
0	48	0.7830316517488074
0	50	0.7916428667443437
0	52	0.8243611533020823
0	54	0.8710346310102522
0	56	0.9158861981880453
0	58	0.9496395200141806
0	60	0.9715874660318241
0	62	0.9845522104150902
0	64	0.9916889757880083
0	66	0.9954502145283226
0	68	0.9974168676136045
0	70	0.9984606593237423
0	72	0.9990260205766266
0	74	0.9993372537896165
0	76	0.9995103734926464
0	78	0.999605410550108
0	80	0.9996521917535723
0	82	0.9996640635205288
0	84	0.9996444199189366
0	86	0.9995891502416114
0	88	0.9994850041776454
0	90	0.9993035443398529
0	92	0.9989876605272425
0	94	0.9984275919321101
0	96	0.9974232563367816
0	98	0.9956158181393909
0	100	0.9924050258617604
2	0	0.13793733536481104
2	2	0.17464880507994282
2	4	0.21865267794425933
2	6	0.2701151124289388
2	8	0.3285960008129105
2	10	0.3928783095098923
2	12	0.46088772116822035
2	14	0.5301310462314677
2	16	0.5967330670634682
2	18	0.6588527504143576
2	20	0.714443090231734
2	22	0.7617198304264747
2	24	0.8006558231639579
2	26	0.8313999166935775
2	28	0.8548446905594006
2	30	0.8715773683669072
2	32	0.8820670403601059
2	34	0.8869543932785265
2	36	0.886639427730445
2	38	0.8815958041833503
2	40	0.872839199386335
2	42	0.8615565500762119
2	44	0.8492799220211086
2	46	0.8389665165591974
2	48	0.8358003917257391
2	50	0.8449403649016042
2	52	0.8677606291768688
2	54	0.8994664872741364
2	56	0.9310145051903507
2	58	0.9559918372815613
2	60	0.9731699512996272
2	62	0.9840448174175134
2	64	0.9905798907395803
2	66	0.994383600645543
2	68	0.996566613876706
2	70	0.9978190384913007
2	72	0.9985428941368323
2	74	0.9989650013465023
2	76	0.9992117206298567
2	78	0.999352317779513
2	80	0.9994235865302128
2	82	0.9994431802432079
2	84	0.9994161627338037
2	86	0.9993377189164862
2	88	0.9991910353039476
2	90	0.9989405995644167
2	92	0.99851871849253
2	94	0.997804524674172
2	96	0.9965949400908782
2	98	0.994555043495851
2	100	0.9911666307700238
4	0	0.09627252400449933
4	2	0.12386751859450675
4	4	0.15798941515012255
4	6	0.19937193886495128
4	8	0.2483962123070737
4	10	0.30488098355596194
4	12	0.3679343259877957
4	14	0.43558065891778946
4	16	0.5042765214194149
4	18	0.5717695087963263
4	20	0.6353566451566114
4	22	0.6919879012715425
4	24	0.7406622989256544
4	26	0.7808670360473782
4	28	0.8128654616934868
4	30	0.8373114265613582
4	32	0.8548063678372095
4	34	0.8663481816450973
4	36	0.8730355401111604
4	38	0.8757802964079083
4	40	0.8756176635955026
4	42	0.8739170266792627
4	44	0.8723732375632117
4	46	0.8726247042708601
4	48	0.8762987232764581
4	50	0.8853635591292351
4	52	0.9011013101454198
4	54	0.9220374505001081
4	56	0.9435792054737949
4	58	0.9615519430456531
4	60	0.9746376917692433
4	62	0.9835083179510664
4	64	0.9893207812687963
4	66	0.9930607697051996
4	68	0.9954256848813646
4	70	0.9969005053387251
4	72	0.9978149132275631
4	74	0.9983815573145978
4	76	0.9987298646900321
4	78	0.9989357834153741
4	80	0.9990433019941596
4	82	0.9990756227972143
4	84	0.9990403297119516
4	86	0.9989318829149403
4	88	0.9987290102111771
4	90	0.9983879275138726
4	92	0.9978305110054916
4	94	0.9969289713839306
4	96	0.9954869841824646
4	98	0.993208277564334
4	100	0.9896663325039836
6	0	0.06594786366791912
6	2	0.0860505034249301
6	4	0.11154914164063737
6	6	0.14341791731608097
6	8	0.18252092959914262
6	10	0.22941860434075118
6	12	0.2840009447289601
6	14	0.34532211290393033
6	16	0.41188255048777644
6	18	0.48067783558469235
6	20	0.5484165093443054
6	22	0.6124349557772929
6	24	0.6704127307545286
6	26	0.7205882130064128
6	28	0.7624305096029019
6	30	0.7963219044401925
6	32	0.8227794780673795
6	34	0.8428823557400512
6	36	0.8580296174520938
6	38	0.8693217088671213
6	40	0.8777609196711101
6	42	0.8846195468438778
6	44	0.8912213006413394
6	46	0.8982031682676666
6	48	0.9056966213694737
6	50	0.9144956632344798
6	52	0.9257887789659117
6	54	0.9395922575039287
6	56	0.9539092633505897
6	58	0.9663698516284518
6	60	0.9759618300105469
6	62	0.9829234115474491
6	64	0.9878873162111252
6	66	0.9914135767890749
6	68	0.9938809632176746
6	70	0.9955709613883148
6	72	0.9967079314079694
6	74	0.9974613636720556
6	76	0.9979485440251111
6	78	0.9982466788508236
6	80	0.9984070894582996
6	82	0.9984608216446202
6	84	0.9984192885507732
6	86	0.9982754848621426
6	88	0.9980017086073697
6	90	0.997544187728327
6	92	0.9968154626615735
6	94	0.9956874598590153
6	96	0.9939819311305308
6	98	0.9914538804034095
6	100	0.9877693056533661
8	0	0.04469344894367924
8	2	0.05900501192080996
8	4	0.07752745367761064
8	6	0.10123877379620973
8	8	0.13117087019628051
8	10	0.1682765861711221
8	12	0.2130100843444021
8	14	0.2653931741150282
8	16	0.3256671761902042
8	18	0.3911814285554874
8	20	0.4589760059297272
8	22	0.5270365085653475
8	24	0.5921559503000273
8	26	0.6516208826550317
8	28	0.7038979011486666
8	30	0.7485985334756382
8	32	0.7858566712640926
8	34	0.8163911279342638
8	36	0.8413640346042027
8	38	0.8618218230163589
8	40	0.8787171658797763
8	42	0.8930641280925479
8	44	0.9056867553931499
8	46	0.9167748654794583
8	48	0.9262824636896115
8	50	0.9348431447900931
8	52	0.943522843558017
8	54	0.9528251605607287
8	56	0.9621292585405861
8	58	0.9703867231240472
8	60	0.9770620283113051
8	62	0.9822419806495486
8	64	0.9862500401390021
8	66	0.9893804737603492
8	68	0.9918073064119612
8	70	0.9936499620233948
8	72	0.9950134135359732
8	74	0.9959909839927665
8	76	0.9966618804586395
8	78	0.9970911355968228
8	80	0.9973334237171714
8	82	0.9974282643397576
8	84	0.9973909487661247
8	86	0.9972106866993149
8	88	0.9968505292290659
8	90	0.9962457321691208
8	92	0.9953032776835183
8	94	0.9939047915153915
8	96	0.9919021710903767
8	98	0.989110388981271
8	100	0.9852815217690515
10	0	0.030197109472756514
10	2	0.040227871284666275
10	4	0.05340712124159389
10	6	0.07058654276431603
10	8	0.09275058745176754
10	10	0.12096536170867825
10	12	0.1562008352794007
10	14	0.19913740865499088
10	16	0.2502105974089085
10	18	0.3086040425191553
10	20	0.37295513659148594
10	22	0.4409886308885451
10	24	0.5096855279172962
10	26	0.5763877150404754
10	28	0.6385454139918949
10	30	0.6946523678639189
10	32	0.744031764743814
10	34	0.786534823526561
10	36	0.8225662641785999
10	38	0.8527536806570428
10	40	0.8778427368478059
10	42	0.8986554402501538
10	44	0.915848360500745
10	46	0.9296814608253813
10	48	0.9404129627620564
10	50	0.9488229205561002
10	52	0.955923338410305
10	54	0.9623880498872557
10	56	0.9683143039381809
10	58	0.9734922635260611
10	60	0.9778161387487234
10	62	0.9813844407411361
10	64	0.9843704045654892
10	66	0.9869159014341501
10	68	0.9890871440112318
10	70	0.9909144726298765
10	72	0.9924170290108568
10	74	0.9936067820277809
10	76	0.9944988076647024
10	78	0.9951186459702785
10	80	0.9955041119319502
10	82	0.9956898060216821
10	84	0.995686513610154
10	86	0.9954754220988494
10	88	0.9950105694133898
10	90	0.994221111831733
10	92	0.9930188301238365
10	94	0.9913085636622954
10	96	0.9889823283834279
10	98	0.985916639149756
10	100	0.9819391027411886
12	0	0.020321603304659812
12	2	0.027285338116146304
12	4	0.03654636092585726
12	6	0.04879302924586062
12	8	0.0648672468276509
12	10	0.08576641029937195
12	12	0.11267107530491403
12	14	0.1466235470082492
12	16	0.18790346039104958
12	18	0.23735138498086122
12	20	0.29514137709554866
12	22	0.3592475928244536
12	24	0.42777033580523216
12	26	0.4984839434021905
12	28	0.5685524361560709
12	30	0.6354792704725412
12	32	0.6973177407667056
12	34	0.7527423949478197
12	36	0.8009344465632084
12	38	0.8415165479536351
12	40	0.8746967484306918
12	42	0.9012926768426748
12	44	0.9222459447734075
12	46	0.9382146691458526
12	48	0.9498665656490722
12	50	0.958213648673896
12	52	0.9643192279149133
12	54	0.9689684192660586
12	56	0.9726441493519841
12	58	0.9756245261927501
12	60	0.9781142699397742
12	62	0.9802771453520676
12	64	0.9822167091409246
12	66	0.9839779745936976
12	68	0.9855842521660583
12	70	0.9870644196939439
12	72	0.9884428462150021
12	74	0.9897080162001453
12	76	0.9908136148149417
12	78	0.9917088111999779
12	80	0.9923611798463438
12	82	0.9927492077371041
12	84	0.9928484596699627
12	86	0.9926259609304874
12	88	0.9920374277901518
12	90	0.9910248760346324
12	92	0.9895262357148326
12	94	0.987484403476096
12	96	0.9848340864396476
12	98	0.9815047442690593
12	100	0.9773890138888325
14	0	0.013569594403473413
14	2	0.018377609757017695
14	4	0.02484630393450776
14	6	0.03351416239608694
14	8	0.04506613599004653
14	10	0.06034752102961149
14	12	0.0803806327608564
14	14	0.10633025722194317
14	16	0.1388532640580395
14	18	0.17932325419838643
14	20	0.22847854846383764
14	22	0.2858153968583031
14	24	0.3509337344780889
14	26	0.4219122795308001
14	28	0.49676925464040583
14	30	0.5725390166870777
14	32	0.6458923008669603
14	34	0.7143992232041013
14	36	0.7755907634484563
14	38	0.8273432163819104
14	40	0.868874460017356
14	42	0.9010772987840414
14	44	0.9254669136649089
14	46	0.943312728519669
14	48	0.9557882870325899
14	50	0.9642022497582692
14	52	0.969728538761744
14	54	0.973234013980567
14	56	0.9754090254068216
14	58	0.9768234282132022
14	60	0.9779098495980646
14	62	0.9788933419235152
14	64	0.9798008990339184
14	66	0.9805508700233029
14	68	0.981135217995883
14	70	0.9816671286661326
14	72	0.9823347399879828
14	74	0.9832733050249953
14	76	0.9844624568165579
14	78	0.9857460865962002
14	80	0.9869061252526075
14	82	0.9877304927404179
14	84	0.988081575723576
14	86	0.9879049977947146
14	88	0.9871912344684396
14	90	0.9859395758399281
14	92	0.9841494541996492
14	94	0.9818108830017819
14	96	0.9788881817334372
14	98	0.9753425254510654
14	100	0.9711256983268444
16	0	0.009009802573546551
16	2	0.012320388613207396
16	4	0.016826770237309264
16	6	0.022943145404538328
16	8	0.031212186314634717
16	10	0.04231355150709985
16	12	0.05698389237322683
16	14	0.07634321840669897
16	16	0.10155605712409743
16	18	0.13385197164437612
16	20	0.17402034593594556
16	22	0.22323609942454525
16	24	0.2824121271399703
16	26	0.35022510553224645
16	28	0.42624040149075737
16	30	0.5076882470349947
16	32	0.5903726501940436
16	34	0.6711066432484415
16	36	0.7455333270635343
16	38	0.8091390864010725
16	40	0.8596179630390673
16	42	0.8977591988797681
16	44	0.9257058575445863
16	46	0.9454842998493397
16	48	0.9588916330001089
16	50	0.967585452563851
16	52	0.9728804138618856
16	54	0.9757154060915798
16	56	0.9769000729027179
16	58	0.9771949635965997
16	60	0.9772232294895103
16	62	0.9772615463592164
16	64	0.9772033545325988
16	66	0.9767134000968696
16	68	0.9756356788832926
16	70	0.9741608043281614
16	72	0.9728650810736117
16	74	0.9724563800629292
16	76	0.9732856895105639
16	78	0.9751221567904582
16	80	0.9772994794912836
16	82	0.9790731349674074
16	84	0.9800085928044078
16	86	0.9800318839827193
16	88	0.979254183591774
16	90	0.9778238868214815
16	92	0.9758516581357987
16	94	0.9733613390363284
16	96	0.9703063768387551
16	98	0.9666447598325509
16	100	0.962394480824816
18	0	0.006003855189008192
18	2	0.008283589461042207
18	4	0.011419021099743559
18	6	0.015722433646939007
18	8	0.02161218991761743
18	10	0.029621757632179776
18	12	0.04030479802393784
18	14	0.05463211948648133
18	16	0.07385221469349086
18	18	0.09904208220229624
18	20	0.13121836775839626
18	22	0.1722551946626339
18	24	0.2238339679345652
18	26	0.2859795585514831
18	28	0.3596473122199225
18	30	0.44298671940555423
18	32	0.5319966571962206
18	34	0.6229462550376131
18	36	0.7097536666018862
18	38	0.7853850915777953
18	40	0.8455299836570274
18	42	0.8904172885767305
18	44	0.9226173571208925
18	46	0.9448768177671505
18	48	0.9596146014971607
18	50	0.9688893000564047
18	52	0.9742494238256463
18	54	0.9767711365360945
18	56	0.9773646134020244
18	58	0.9769041273936967
18	60	0.9761559192170762
18	62	0.9754578925755036
18	64	0.9745503369371167
18	66	0.9726851529227469
18	68	0.9692174233043654
18	70	0.9640424161708127
18	72	0.9582066678456691
18	74	0.9539300255706942
18	76	0.9531009389818318
18	78	0.9557548789572219
18	80	0.9601366060525517
18	82	0.964049852398899
18	84	0.9663215794569491
18	86	0.9669146038521654
18	88	0.9662826115811514
18	90	0.9649102159310364
18	92	0.9630786171288578
18	94	0.9607780240623172
18	96	0.9578699799611056
18	98	0.9542647933013839
18	100	0.9500822767248729
20	0	0.004057899268428763
20	2	0.00563298277900129
20	4	0.007814641676105096
20	6	0.010832054389319582
20	8	0.014996949033791446
20	10	0.02072434978810102
20	12	0.0285351752938259
20	14	0.03918684218874317
20	16	0.05359845461827359
20	18	0.07288509697037467
20	20	0.0984836429388172
20	22	0.13203793743374326
20	24	0.1754649302683075
20	26	0.23056098115540533
20	28	0.2989477578252609
20	30	0.38047446055616635
20	32	0.4725655834855312
20	34	0.5706879103087756
20	36	0.6675710025450219
20	38	0.7543464310350296
20	40	0.8245780350403739
20	42	0.8773944116540672
20	44	0.9153270146254574
20	46	0.9413622610924274
20	48	0.958208256459338
20	50	0.9684279166885638
20	52	0.9740818444781862
20	54	0.9765827304354375
20	56	0.9769845634549559
20	58	0.9761617042622619
20	60	0.9748781205848346
20	62	0.9735458814782141
20	64	0.9718797933989434
20	66	0.9687050546161503
20	68	0.9623722445125497
20	70	0.951409588027275
20	72	0.9365173873691474
20	74	0.9227741416219222
20	76	0.9167685059573757
20	78	0.9204376779028909
20	80	0.9296093524094992
20	82	0.9382748646997001
20	84	0.9434665234471895
20	86	0.9453925132773473
20	88	0.9453734032991153
20	90	0.9446014387452792
20	92	0.9435890698747254
20	94	0.9421255252738018
20	96	0.9398479205214161
20	98	0.936574795858583
20	100	0.9326125199793744
22	0	0.0027742297067344392
22	2	0.0038679351081591967
22	4	0.0053904894633446
22	6	0.007507857231451734
22	8	0.010448183776623545
22	10	0.014532777216929702
22	12	0.020269202691701706
22	14	0.028194807214937733
22	16	0.038964558659750494
22	18	0.05365143515868954
22	20	0.07382546457445174
22	22	0.100885105147972
22	24	0.1366568978183132
22	26	0.18424128415399496
22	28	0.24539988637506246
22	30	0.32200195369970924
22	32	0.41381377476597364
22	34	0.5155004100232804
22	36	0.6191562996655736
22	38	0.7151739024920317
22	40	0.7954271597241296
22	42	0.8574994173012478
22	44	0.9031402039576425
22	46	0.9346895385678584
22	48	0.9546134757134704
22	50	0.9661693292231859
22	52	0.972319644462773
22	54	0.9750773421378728
22	56	0.9757211236460734
22	58	0.9749955799257127
22	60	0.9734273651955565
22	62	0.9714417369650582
22	64	0.9689409756373365
22	66	0.9645770874033817
22	68	0.955394731333604
22	70	0.9372189193121218
22	72	0.9081417777746993
22	74	0.8762796763053234
22	76	0.8578682699107857
22	78	0.8611535282164429
22	80	0.8785016459654483
22	82	0.8959786424489425
22	84	0.9066684645880613
22	86	0.91121867582518
22	88	0.9126444574970137
22	90	0.9134202172128346
22	92	0.9143473301009535
22	94	0.914742980117946
22	96	0.9138446256182936
22	98	0.911347835421932
22	100	0.907884787315635
24	0	0.0018947363228778236
24	2	0.002657864043224442
24	4	0.0037272028182164098
24	6	0.005224515078789421
24	8	0.00731891693327591
24	10	0.010258075822007525
24	12	0.014469431263202777
24	14	0.02031599597896429
24	16	0.028461348675105462
24	18	0.0397295580779789
24	20	0.05539456801721106
24	22	0.07700989883039834
24	24	0.10619211166012947
24	26	0.1464340995733572
24	28	0.19958133391620014
24	30	0.2690375705797023
24	32	0.35712200335072164
24	34	0.45871133294379646
24	36	0.5657484162164613
24	38	0.6687132964496345
24	40	0.7585920082370361
24	42	0.8310525991885389
24	44	0.8860943792777527
24	46	0.9245702140130871
24	48	0.9483831861107487
24	50	0.9616716917405642
24	52	0.968569411702918
24	54	0.9718965181160343
24	56	0.9732454331656701
24	58	0.9731290753637262
24	60	0.9715982911631075
24	62	0.9689054774973065
24	64	0.9652360848281656
24	66	0.959522001593355
24	68	0.9477891503737831
24	70	0.9227669258829817
24	72	0.8778048063713918
24	74	0.8215324771053762
24	76	0.7818191817264171
24	78	0.778641480965188
24	80	0.8035067257761113
24	82	0.8322113487644248
24	84	0.8508823843958292
24	86	0.8597076287969465
24	88	0.8638006260542948
24	90	0.8674041995572382
24	92	0.8716804350650031
24	94	0.8752319171836447
24	96	0.8767221848741206
24	98	0.8757017300520441
24	100	0.8732781836051078
26	0	0.0012880463429340593
26	2	0.0018232128846944408
26	4	0.002580159729179386
26	6	0.0036502204447354243
26	8	0.005161767109904695
26	10	0.007304752564113143
26	12	0.010396986636858771
26	14	0.014707614943432366
26	16	0.02090971767878383
26	18	0.02959211215935572
26	20	0.041708079989618056
26	22	0.058897781079347816
26	24	0.08258442701172261
26	26	0.11606766018329194
26	28	0.16142490176532567
26	30	0.22258265464388555
26	32	0.30378563164549893
26	34	0.4018803736894408
26	36	0.509518067304717
26	38	0.6176357146105473
26	40	0.7168741075036333
26	42	0.8003756271097233
26	44	0.8652718020201362
26	46	0.9108199409462531
26	48	0.9387839028963423
26	50	0.9541893512956325
26	52	0.96220360553999
26	54	0.9664485757193568
26	56	0.9689041384811599
26	58	0.9698769963411107
26	60	0.9688432507261739
26	62	0.9656270757957228
26	64	0.9604348748227383
26	66	0.9527026741243586
26	68	0.9382371868178916
26	70	0.9078292215315965
26	72	0.8506385399384193
26	74	0.7726016932041843
26	76	0.7080490133369228
26	78	0.6889341396082991
26	80	0.7117366294332845
26	82	0.7470036444763081
26	84	0.7732617890002247
26	86	0.7875123785890714
26	88	0.795607863852945
26	90	0.8032563909923905
26	92	0.8120472788083061
26	94	0.8199165612987587
26	96	0.824871335381694
26	98	0.8262805621262117
26	100	0.8257787950123628
28	0	8.769755571384815e-4
28	2	0.0012547165262383304
28	4	0.001794870126715528
28	6	0.002566961390747183
28	8	0.0036699586204478616
28	10	0.005248783704862256
28	12	0.007530763125448162
28	14	0.010761327735899781
28	16	0.015448710218699459
28	18	0.022106664039008603
28	20	0.031582953472193816
28	22	0.045239522480613324
28	24	0.06441215571819964
28	26	0.09196196282508871
28	28	0.13033267320258732
28	30	0.18308324239668908
28	32	0.2551832628799982
28	34	0.34695617193843226
28	36	0.45316253100512255
28	38	0.5654433532255829
28	40	0.6740406620960147
28	42	0.7686333565917408
28	44	0.8423186796636329
28	46	0.8934633280155314
28	48	0.9250311645615503
28	50	0.9428383577646512
28	52	0.9524558284262672
28	54	0.9579300713974556
28	56	0.9616706973066076
28	58	0.9640906284649765
28	60	0.9642086157703109
28	62	0.9611389408288028
28	64	0.9544675946737169
28	66	0.9436253798317932
28	68	0.9250412033602695
28	70	0.8899160414318301
28	72	0.8264891399173574
28	74	0.7369319608512054
28	76	0.6528988727307359
28	78	0.6119404912856972
28	80	0.6187884520533157
28	82	0.6483307291155131
28	84	0.6766392975456772
28	86	0.6954519744640304
28	88	0.7081333413929622
28	90	0.7202121321468925
28	92	0.7336101020865528
28	94	0.7461084328924698
28	96	0.7551980717038598
28	98	0.7600136630103779
28	100	0.7625366416448954
30	0	6.008983358192552e-4
30	2	8.69659746194508e-4
30	4	0.0012584776344112128
30	6	0.001820816076540493
30	8	0.0026337673254906084
30	10	0.0038078687288727567
30	12	0.005503486508482982
30	14	0.007961555282929543
30	16	0.011491799372448926
30	18	0.016604511657450808
30	20	0.024066265471373423
30	22	0.03489799359754289
30	24	0.050485279853942855
30	26	0.0730325056248865
30	28	0.1053654543476354
30	30	0.15040371133432856
30	32	0.2127122906050062
30	34	0.2963324528556409
30	36	0.3992723558940464
30	38	0.5142780036117655
30	40	0.6311991028198172
30	42	0.736110615802579
30	44	0.8173507061134371
30	46	0.8724845098270987
30	48	0.9067409108390629
30	50	0.9269635807191487
30	52	0.9385672247281429
30	54	0.9453944698262666
30	56	0.9502362045838886
30	58	0.9542162442867201
30	60	0.9562446434957195
30	62	0.9544013619150908
30	64	0.9469419893500953
30	66	0.9321590255314577
30	68	0.9071545105826045
30	70	0.8659400385194479
30	72	0.7996368773010926
30	74	0.7078356700885935
30	76	0.613744297213418
30	78	0.5527048560936682
30	80	0.536186422869959
30	82	0.5488030574269385
30	84	0.5708875311073072
30	86	0.5905335757070292
30	88	0.6063717564110808
30	90	0.6216492548351562
30	92	0.6381649211417627
30	94	0.6541865698709235
30	96	0.6670831127133212
30	98	0.675755576822012
30	100	0.682119557260128
32	0	4.152804345761553e-4
32	2	6.082728384012257e-4
32	4	8.908742617057837e-4
32	6	0.0013045999207763096
32	8	0.0019100941470439295
32	10	0.0027923206996824917
32	12	0.004059673434482759
32	14	0.005933103057434338
32	16	0.008623714644738992
32	18	0.012604093414635389
32	20	0.01845120912341203
32	22	0.02703095675824834
32	24	0.039818595990769555
32	26	0.05827853614343767
32	28	0.08548258308144811
32	30	0.1239039843574644
32	32	0.17719587801871683
32	34	0.25208761998762697
32	36	0.3498284743474687
32	38	0.4646047019676863
32	40	0.5865676947963826
32	42	0.6998616309568171
32	44	0.7884209334161996
32	46	0.8474988483236982
32	48	0.8839798825688354
32	50	0.9062545824743546
32	52	0.9197653342041106
32	54	0.9276902443046459
32	56	0.9329681397753306
32	58	0.9381052846880112
32	60	0.9426337049167264
32	62	0.9432880181592355
32	64	0.9363060636575603
32	66	0.9177167933456527
32	68	0.8842264830750692
32	70	0.8335332176204076
32	72	0.7627917078237435
32	74	0.6719835931249057
32	76	0.5760486728607745
32	78	0.502739112245811
32	80	0.4656884363902686
32	82	0.45863767491154167
32	84	0.46876089046135705
32	86	0.48409315308537465
32	88	0.49951933616819894
32	90	0.5152096294107908
32	92	0.5321640840005929
32	94	0.5493209339196411
32	96	0.5644022823402219
32	98	0.5762230650407407
32	100	0.586208146972372
34	0	2.9157057637641524e-4
34	2	4.317746631923813e-4
34	4	6.393539105046998e-4
34	6	9.4663409056983e-4
34	8	0.0014013892483369019
34	10	0.0020696096486469305
34	12	0.0030241238009428334
34	14	0.004451374059545689
34	16	0.006532717760564848
34	18	0.009664325838297069
34	20	0.014249766321090051
34	22	0.021083196934183684
34	24	0.03159625428412014
34	26	0.046779560214721044
34	28	0.06968615667140306
34	30	0.10257518180358677
34	32	0.14840948981663413
34	34	0.2150280587825532
34	36	0.30582977128243954
34	38	0.41664679267685584
34	40	0.5391147323239164
34	42	0.6578015118718963
34	44	0.7534688631646955
34	46	0.8172973622713614
34	48	0.8560204725100504
34	50	0.8796836359770195
34	52	0.8944169308417425
34	54	0.9027249492808582
34	56	0.9073639376061425
34	58	0.9126356869244056
34	60	0.9197633252686229
34	62	0.9240563488883372
34	64	0.9188693538713602
34	66	0.8972400989204016
34	68	0.8545511328811918
34	70	0.7915924014594453
34	72	0.7133731426288027
34	74	0.6235297758898305
34	76	0.5311457560306603
34	78	0.45423922536016803
34	80	0.4044975760838429
34	82	0.3817214265938186
34	84	0.378942553050181
34	86	0.3864122061759589
34	88	0.3977373910621675
34	90	0.41078749554845295
34	92	0.4253947336679023
34	94	0.4408910024618396
34	96	0.4556645472175085
34	98	0.46869344402788393
34	100	0.4807220411126225
36	0	2.1033184176498174e-4
36	2	3.137647200864623e-4
36	4	4.6803798437867875e-4
36	6	6.981120577228074e-4
36	8	0.0010411661498244001
36	10	0.0015488382723792464
36	12	0.0022762665424920087
36	14	0.003370888769789486
36	16	0.0049937801006388295
36	18	0.007456312212715404
36	20	0.011103387706832033
36	22	0.016617825010060615
36	24	0.025198974280098374
36	26	0.03778235729432046
36	28	0.05710806342028474
36	30	0.08538137012209433
36	32	0.1254961269937581
36	34	0.18485581430627607
36	36	0.2674726869555191
36	38	0.370991349268737
36	40	0.4896744988003357
36	42	0.6100340515949946
36	44	0.7111332127766408
36	46	0.7797362045490308
36	48	0.8206212482312863
36	50	0.8447230167102354
36	52	0.8593048930824179
36	54	0.8667338106708029
36	56	0.8694716684224454
36	58	0.8733764486326421
36	60	0.8820896509804529
36	62	0.8901858200475385
36	64	0.8876446315880876
36	66	0.86416914745241
36	68	0.8139806665043011
36	70	0.7398654842673191
36	72	0.6534978179158348
36	74	0.5638840232551711
36	76	0.47740849516120415
36	78	0.4033437274704496
36	80	0.3492423419693339
36	82	0.31733195069388154
36	84	0.3043284112333448
36	86	0.3033415588716725
36	88	0.30862994670162375
36	90	0.3171047703335712
36	92	0.3275676514379468
36	94	0.3393468729294539
36	96	0.35149589691819355
36	98	0.363320197065297
36	100	0.3749828815765554
38	0	1.5713750165114663e-4
38	2	2.3486437067252663e-4
38	4	3.5102474578177105e-4
38	6	5.246061439933783e-4
38	8	7.839560610544964e-4
38	10	0.0011696319696304195
38	12	0.0017323838900708368
38	14	0.002582404185603818
38	16	0.003851305856466593
38	18	0.005781232791355023
38	20	0.008728475074664187
38	22	0.013232564310373052
38	24	0.02019044775549662
38	26	0.03071436045893848
38	28	0.04702830860919241
38	30	0.07142769235590134
38	32	0.10725212906357216
38	34	0.16038221135457856
38	36	0.23432204895527894
38	38	0.3288097966442096
38	40	0.4410858870925813
38	42	0.5591163881357589
38	44	0.6610126810131213
38	46	0.7312920781924968
38	48	0.7727075446440742
38	50	0.7956704920049278
38	52	0.8080683104735261
38	54	0.8128967709321614
38	56	0.8128368968577208
38	58	0.8143548651735595
38	60	0.8225428006429
38	62	0.8324376955966358
38	64	0.832044193683241
38	66	0.8085229786828726
38	68	0.7557297686746379
38	70	0.6772381354890625
38	72	0.5871305762090694
38	74	0.49855241865248945
38	76	0.4182355244974203
38	78	0.35019387506530647
38	80	0.29783986729522466
38	82	0.2629104254829803
38	84	0.2437762309040543
38	86	0.23609553397868974
38	88	0.2355640920959873
38	90	0.23913282155687765
38	92	0.2450260424899159
38	94	0.2523799933985496
38	96	0.2606806949965176
38	98	0.2695248617751093
38	100	0.27872575855361187
40	0	1.2063433889359859e-4
40	2	1.8004953420515372e-4
40	4	2.6872021947741185e-4
40	6	4.0104187395712757e-4
40	8	5.984815855660926e-4
40	10	8.930483350552097e-4
40	12	0.001333757968745276
40	14	0.00199871162294699
40	16	0.0029987926142008526
40	18	0.00452601854878964
40	20	0.006903508242881769
40	22	0.010582336656412433
40	24	0.01626258271473693
40	26	0.025124386098204075
40	28	0.038889414252941804
40	30	0.060028876971736915
40	32	0.09229795899398534
40	34	0.1398558728380839
40	36	0.20560748760300382
40	38	0.29144441849163905
40	40	0.39649086894846647
40	42	0.5079901976340225
40	44	0.6027343736073466
40	46	0.6665173399545142
40	48	0.7028012880347442
40	50	0.7211107986534528
40	52	0.72888897402981
40	54	0.7300591912612652
40	56	0.7281230507378479
40	58	0.7287516374104538
40	60	0.7356226338088794
40	62	0.7443017659407966
40	64	0.743981405365286
40	66	0.72238792145244
40	68	0.6735565184477551
40	70	0.6002507641349403
40	72	0.5148646509901615
40	74	0.4315546930910388
40	76	0.35831020835598654
40	78	0.2974610679758799
40	80	0.24991364749383663
40	82	0.21599225585382031
40	84	0.19454065422507416
40	86	0.1829399285377762
40	88	0.17819075551205468
40	90	0.17771407101989656
40	92	0.1796614256416861
40	94	0.18306341505525942
40	96	0.1875694804778486
40	98	0.19290445773973358
40	100	0.19873761492926836
42	0	9.35808997802277e-5
42	2	1.395954227600607e-4
42	4	2.0823096554653523e-4
42	6	3.106023876352966e-4
42	8	4.6327877711452666e-4
42	10	6.916950209094621e-4
42	12	0.0010391210214916909
42	14	0.0015609192802055962
42	16	0.0023580611827289408
42	18	0.0035840276317424626
42	20	0.005485434281707709
42	22	0.008474554302652329
42	24	0.013162358213386544
42	26	0.020629413827476406
42	28	0.03228899727258206
42	30	0.05067602618633059
42	32	0.07955937587659981
42	34	0.12199941338095249
42	36	0.18075964211522727
42	38	0.2591022831985881
42	40	0.3560851604515811
42	42	0.4563914185323466
42	44	0.5348994134269494
42	46	0.5804704211075418
42	48	0.6009568209411802
42	50	0.6076961490791524
42	52	0.6084889925444934
42	54	0.6079996816178297
42	56	0.6090614187389161
42	58	0.6137853020242368
42	60	0.6216739225554434
42	62	0.6282364179716579
42	64	0.6263340928203607
42	66	0.607991336483827
42	68	0.5682494564132125
42	70	0.5078484934851538
42	72	0.4353791380028169
42	74	0.3631292688949343
42	76	0.2994041230803457
42	78	0.246831532711472
42	80	0.20560654573695217
42	82	0.1751165536100044
42	84	0.15425065867396
42	86	0.14130290119748748
42	88	0.1342070434552053
42	90	0.1310013115021499
42	92	0.1301282787963282
42	94	0.13066264415251305
42	96	0.13223006941094695
42	98	0.13454166005918147
42	100	0.13726116138973762
44	0	7.254801490572486e-5
44	2	1.0855535383988512e-4
44	4	1.6243110510929322e-4
44	6	2.4303875815181474e-4
44	8	3.636340145247444e-4
44	10	5.445486831369046e-4
44	12	8.195241241941171e-4
44	14	0.0012325346814930417
44	16	0.0018710170370863565
44	18	0.002858017546866265
44	20	0.004383680293392654
44	22	0.00681192793389115
44	24	0.010685691282009595
44	26	0.016939147292498288
44	28	0.026904874566239353
44	30	0.04292875811927916
44	32	0.06838635547710048
44	34	0.10619908066952698
44	36	0.15934183682653755
44	38	0.2308350823123599
44	40	0.31772617593503183
44	42	0.40195548157966077
44	44	0.4569824335284869
44	46	0.47408597747502573
44	48	0.46751433144960636
44	50	0.4552213189518071
44	52	0.4487560830261853
44	54	0.45256105909392647
44	56	0.4640493576662738
44	58	0.47807173248018475
44	60	0.4902097976856985
44	62	0.4970269384632642
44	64	0.49516320517806983
44	66	0.48088167517273683
44	68	0.4511348254320521
44	70	0.4059344856280825
44	72	0.35058434909875286
44	74	0.2937379097176383
44	76	0.2422736980631413
44	78	0.19929564172769143
44	80	0.16532494100615774
44	82	0.13964931452164855
44	84	0.12121668274404765
44	86	0.10874694421825114
44	88	0.1008357572031756
44	90	0.09616788958059058
44	92	0.09363647758596241
44	94	0.09244542063771329
44	96	0.09212680508211729
44	98	0.09233079329183802
44	100	0.09279205185076148
46	0	5.646931799975699e-5
46	2	8.496657534169052e-5
46	4	1.2784314303882155e-4
46	6	1.9235229272753185e-4
46	8	2.8940308532401796e-4
46	10	4.3533154902477097e-4
46	12	6.545253001679853e-4
46	14	9.871945443146188e-4
46	16	0.0014972435046013276
46	18	0.002286546867374223
46	20	0.003528209037608208
46	22	0.005508282419981681
46	24	0.008689130679195066
46	26	0.013881111912112401
46	28	0.02243421156887923
46	30	0.03634680367497456
46	32	0.058469784342994845
46	34	0.09220743047271153
46	36	0.14066893573941608
46	38	0.20505619497768643
46	40	0.27934946417777895
46	42	0.3440717880450526
46	44	0.37325214433805093
46	46	0.36031610212373194
46	48	0.32630797979386733
46	50	0.2969398483447264
46	52	0.2866985110931451
46	54	0.2976526536783085
46	56	0.320393872831122
46	58	0.34260206022323014
46	60	0.3584602816892891
46	62	0.3674865449457307
46	64	0.3687976477798003
46	66	0.3596441482765573
46	68	0.33847562568727
46	70	0.30664249793805576
46	72	0.2680380928497612
46	74	0.22745920373632816
46	76	0.1892323966041202
46	78	0.15632326850505332
46	80	0.12980777219163891
46	82	0.10939023043262115
46	84	0.09421277223789493
46	86	0.0832426682364499
46	88	0.0755711046121774
46	90	0.07044984559343036
46	92	0.0671993519568021
46	94	0.0651727090679162
46	96	0.0638430380859549
46	98	0.06283497120201441
46	100	0.06197553641338614
48	0	4.476118889897356e-5
48	2	6.764882519383793e-5
48	4	1.0223834761945928e-4
48	6	1.5451110672509087e-4
48	8	2.3350381296872804e-4
48	10	3.524558460820936e-4
48	12	5.29440692327254e-4
48	14	8.01148995603227e-4
48	16	0.0012102950337146152
48	18	0.0018448355521306517
48	20	0.002857334601230164
48	22	0.004467521597878144
48	24	0.007079319668764059
48	26	0.011365091778678027
48	28	0.018616708669976903
48	30	0.03055427966611395
48	32	0.04966614231613459
48	34	0.07975061244815726
48	36	0.12365554324285283
48	38	0.180233654959179
48	40	0.24077641930972063
48	42	0.286120734535494
48	44	0.29334483801771405
48	46	0.2598293649054476
48	48	0.21224709236934305
48	50	0.17801185293870736
48	52	0.1678894388903714
48	54	0.18072006321851
48	56	0.20578289211061224
48	58	0.22887083349293436
48	60	0.2443728022525955
48	62	0.2542985899826941
48	64	0.2590761816178697
48	66	0.25538495343321
48	68	0.24200920877780546
48	70	0.2213322963405736
48	72	0.19658196751541968
48	74	0.16985194059890132
48	76	0.1433283025936965
48	78	0.11948834186312193
48	80	0.09972977653361657
48	82	0.0841972545995366
48	84	0.07229488234784621
48	86	0.06321934210053184
48	88	0.05642184853254641
48	90	0.05154707145675789
48	92	0.04821549760916515
48	94	0.04592449806026848
48	96	0.04417667847775337
48	98	0.04263562204591428
48	100	0.04120140780434395
50	0	3.63099181266917e-5
50	2	5.498402625650381e-5
50	4	8.32613859521545e-5
50	6	1.2607948240748285e-4
50	8	1.9091305837939902e-4
50	10	2.8865409263024994e-4
50	12	4.336090304717189e-4
50	14	6.557167065496576e-4
50	16	9.905399279055535e-4
50	18	0.0015122342339095843
50	20	0.002326003524794557
50	22	0.003624647945914103
50	24	0.005779793083405376
50	26	0.009302331231051503
50	28	0.01531503377223521
50	30	0.025384094743677074
50	32	0.04181691394031904
50	34	0.06833413590981839
50	36	0.10723404192576858
50	38	0.15569483691032066
50	40	0.20360681868123762
50	42	0.2331611143832227
50	44	0.22597901225464304
50	46	0.1848815333151415
50	48	0.13827336070551496
50	50	0.10834774127936242
50	52	0.09958339890926254
50	54	0.10890439457372318
50	56	0.12814138985381232
50	58	0.1461700035369329
50	60	0.15847712265499705
50	62	0.16725825126647953
50	64	0.1731982809614641
50	66	0.17326491007446745
50	68	0.1663236829751011
50	70	0.15443808470318549
50	72	0.13986450063595238
50	74	0.12331268092933584
50	76	0.10582197885741991
50	78	0.08931302842188671
50	80	0.07515650735579567
50	82	0.06373311638805781
50	84	0.054710295102889675
50	86	0.04753837545591991
50	88	0.041909435633191695
50	90	0.03767574239317672
50	92	0.03462636081978076
50	94	0.032394831808777676
50	96	0.030587007874095174
50	98	0.028947200137260196
50	100	0.027415400183591652
52	0	3.0063805518422597e-5
52	2	4.552448484102028e-5
52	4	6.893545929540069e-5
52	6	1.0438427479557451e-4
52	8	1.5805912228976593e-4
52	10	2.390631714698346e-4
52	12	3.5941713002158384e-4
52	14	5.413780343837071e-4
52	16	8.207179117752267e-4
52	18	0.00125550951278111
52	20	0.0019079286288878042
52	22	0.0029558736215243176
52	24	0.004720067620426516
52	26	0.007592554859482246
52	28	0.012486462857702905
52	30	0.020821804567897527
52	32	0.03476685270112596
52	34	0.05757204468392495
52	36	0.09096620131361986
52	38	0.13162165786720248
52	40	0.16936294852889452
52	42	0.18802634148997588
52	44	0.17388052317644653
52	46	0.1344829212379577
52	48	0.09560091095842821
52	50	0.07210761921296097
52	52	0.06437618652105066
52	54	0.06890066736645194
52	56	0.08026439696461019
52	58	0.0918018680126882
52	60	0.10052952842654198
52	62	0.10734232744840969
52	64	0.11242108257590559
52	66	0.11388619794146781
52	68	0.11104249531504216
52	70	0.1050587430249212
52	72	0.09708182755061401
52	74	0.08729378455950494
52	76	0.07627281915890201
52	78	0.06536060610656884
52	80	0.05562451074788574
52	82	0.047479101424570416
52	84	0.04082016272285495
52	86	0.03535805083182244
52	88	0.0309387510521081
52	90	0.02749299201927924
52	92	0.024890435535900434
52	94	0.022886645017561477
52	96	0.02121734945256909
52	98	0.019713652743182108
52	100	0.018330029131722228
54	0	2.5364025094770534e-5
54	2	3.8339115820102187e-5
54	4	5.795129281633615e-5
54	6	8.75950989927064e-5
54	8	1.3240058401094778e-4
54	10	2.000337478416737e-4
54	12	3.014535783611636e-4
54	14	4.543618104635965e-4
54	16	6.86413962626622e-4
54	18	0.0010413117055524791
54	20	0.0015854152663206367
54	22	0.00244778916335648
54	24	0.003846024123830289
54	26	0.006155978701648738
54	28	0.010109122614482711
54	30	0.01687897312808908
54	32	0.02842698122531773
54	34	0.04741695739409168
54	36	0.07516071279127355
54	38	0.108662595904262
54	40	0.13854360928542878
54	42	0.1504475579133267
54	44	0.13474299421884922
54	46	0.10154616619040373
54	48	0.07151304678136444
54	50	0.053514057192141924
54	52	0.046309194762182766
54	54	0.046876756893565144
54	56	0.05190646476993118
54	58	0.05817651819312941
54	60	0.06394095633251862
54	62	0.06883055990099324
54	64	0.0724135148256413
54	66	0.07385823173186007
54	68	0.07296356005971834
54	70	0.0701937382354034
54	72	0.06593955117316212
54	74	0.060299663016607524
54	76	0.05367413339860774
54	78	0.04684192057498389
54	80	0.04045197043851485
54	82	0.03483305675888751
54	84	0.030042910280898266
54	86	0.026011378534431303
54	88	0.022682618501015023
54	90	0.020007117298711786
54	92	0.01789291154412676
54	94	0.016193632879758644
54	96	0.014759259251878726
54	98	0.013490354933698828
54	100	0.012345276008474954
56	0	2.1684088550703013e-5
56	2	3.269794196017068e-5
56	4	4.93057121009882e-5
56	6	7.434818807777619e-5
56	8	1.1210836484055374e-4
56	10	1.690759924341275e-4
56	12	2.55660740561417e-4
56	14	3.876866625775801e-4
56	16	5.793468216305841e-4
56	18	8.653810196152876e-4
56	20	0.001333163786249073
56	22	0.002050840898967194
56	24	0.003139517396924489
56	26	0.004974801790894387
56	28	0.008125277812686404
56	30	0.0135022806008866
56	32	0.022798982768607663
56	34	0.0381463003537598
56	36	0.06056011728046976
56	38	0.08749445085677061
56	40	0.11066668064015941
56	42	0.11814366763729833
56	44	0.10406415840706457
56	46	0.0785495803500271
56	48	0.05641500496590628
56	50	0.04265312421431181
56	52	0.03587375280791211
56	54	0.03396834516167772
56	56	0.03512058836233703
56	58	0.037930449810456006
56	60	0.041337568398494756
56	62	0.0445043999388772
56	64	0.04678281746380567
56	66	0.047854346378218546
56	68	0.047714308365481184
56	70	0.04645949297623831
56	72	0.044159194059203544
56	74	0.040941862729388594
56	76	0.03709436551575843
56	78	0.032990995837877436
56	80	0.02895100496016512
56	82	0.025192161711443457
56	84	0.021839266276531093
56	86	0.01894502021496325
56	88	0.016509979614690508
56	90	0.01449757808575486
56	92	0.012844618510533314
56	94	0.011471964136419883
56	96	0.010304441520264024
56	98	0.009286849405879847
56	100	0.00838310693288768
58	0	1.846699716206279e-5
58	2	2.7874344091044226e-5
58	4	4.207372363510512e-5
58	6	6.350590385990441e-5
58	8	9.585450122077804e-5
58	10	1.447187530236975e-4
58	12	2.1888297895812967e-4
58	14	3.307297551807691e-4
58	16	4.959902663690231e-4
58	18	7.422816650652139e-4
58	20	0.001123242312364665
58	22	0.0017025000222513056
58	24	0.0025942726531370183
58	26	0.0040492688939457065
58	28	0.0064667413046685775
58	30	0.01061708470825055
58	32	0.017901378933839775
58	34	0.029993671382861492
58	36	0.04764625145226571
58	38	0.06846441420789681
58	40	0.08526616428038977
58	42	0.08934403106412382
58	44	0.07837098028936686
58	46	0.06041126920535964
58	48	0.044751611901343434
58	50	0.03431173326662577
58	52	0.0282956661788218
58	54	0.02548584589455905
58	56	0.024868475843929767
58	58	0.025692409887258988
58	60	0.027280938397534243
58	62	0.028989727457874998
58	64	0.030332001139716007
58	66	0.031097569864519538
58	68	0.031232673783872757
58	70	0.03070055771268963
58	72	0.029486991036080025
58	74	0.027680395698463645
58	76	0.025451486053797354
58	78	0.022986135490533043
58	80	0.020451766084991677
58	82	0.017988754874686336
58	84	0.015707435115121387
58	86	0.013680207222537941
58	88	0.011930948599812386
58	90	0.010446759189391365
58	92	0.009194783287108089
58	94	0.008133876166357815
58	96	0.007224317373269829
58	98	0.0064341567680783985
58	100	0.005738169211974991
60	0	1.5627423290186927e-5
60	2	2.3702233538552687e-5
60	4	3.594921057802704e-5
60	6	5.452387265473335e-5
60	8	8.269511650206309e-5
60	10	1.2538461913775005e-4
60	12	1.8892107188921197e-4
60	14	2.813622759001445e-4
60	16	4.302416287702783e-4
60	18	6.555923637606613e-4
60	20	9.496073368092777e-4
60	22	0.0014074854521402723
60	24	0.0021679630348942045
60	26	0.003315390467874875
60	28	0.005117050855283757
60	30	0.00822367143928539
60	32	0.013702938745197473
60	34	0.022875616795446557
60	36	0.03628347665892115
60	38	0.051586068923900115
60	40	0.06284250769443736
60	42	0.06461588773035634
60	44	0.057067059604057585
60	46	0.045499452886475826
60	48	0.0349029841730224
60	50	0.027156585467065793
60	52	0.022195750264115705
60	54	0.01944405936115419
60	56	0.01823601316941096
60	58	0.018036937026330947
60	60	0.018452750973387947
60	62	0.019157197190007164
60	64	0.019864331604859477
60	66	0.020355407229198305
60	68	0.020518761956594092
60	70	0.02030879955071473
60	72	0.0197033283448918
60	74	0.018711633608065804
60	76	0.017403179285584793
60	78	0.01589313184563327
60	80	0.014296535517499152
60	82	0.012706761267269419
60	84	0.011192101358432842
60	86	0.009800395686244754
60	88	0.00856095364670763
60	90	0.007483809227856675
60	92	0.006560599268285517
60	94	0.005769119549703891
60	96	0.0050838305912343975
60	98	0.0044848477485889765
60	100	0.003958365458646221
62	0	1.3617441804607305e-5
62	2	2.06467806222824e-5
62	4	3.13045584718137e-5
62	6	4.746357350623962e-5
62	8	7.196306636485365e-5
62	10	1.0905538621253131e-4
62	12	1.643887195217272e-4
62	14	2.4611741402119235e-4
62	16	3.732375214536477e-4
62	18	5.630486480005646e-4
62	20	8.208588066313289e-4
62	22	0.0012072768790937053
62	24	0.0018060099869760201
62	26	0.002691402701025381
62	28	0.004071105569480201
62	30	0.006331357336105016
62	32	0.010191300169624863
62	34	0.016740589669804375
62	36	0.02637551057696099
62	38	0.03701401479673839
62	40	0.044224980514713456
62	42	0.045016671467941215
62	44	0.040464513589031484
62	46	0.03360579233887985
62	48	0.02680145262250967
62	50	0.021276874063191818
62	52	0.01739300519673709
62	54	0.014986586507573561
62	56	0.013642289031506
62	58	0.01299568206829559
62	60	0.012832757954912212
62	62	0.012989831200157374
62	64	0.013279895712077454
62	66	0.013506722057417979
62	68	0.013572013501632394
62	70	0.013456827961862195
62	72	0.013143606378970834
62	74	0.012596599715976329
62	76	0.011826110648793473
62	78	0.010903806237922994
62	80	0.009908343434315788
62	82	0.008897641375667677
62	84	0.007907839664529263
62	86	0.006966313250701492
62	88	0.006101303125057259
62	90	0.005333623682573866
62	92	0.0046675250490150295
62	94	0.0040909264621148645
62	96	0.0035865733372018958
62	98	0.0031422077609989697
62	100	0.002751625807044935
64	0	1.2467482854725554e-5
64	2	1.870383410487266e-5
64	4	2.805957890765795e-5
64	6	4.2094913771351934e-5
64	8	6.315024651297108e-5
64	10	9.478175086708579e-5
64	12	1.4409166449910922e-4
64	14	2.2334290964126175e-4
64	16	3.220764966486555e-4
64	18	4.6287775140589567e-4
64	20	7.274793150787598e-4
64	22	0.0010816940455139552
64	24	0.00150001984547168
64	26	0.0021728586190885085
64	28	0.0032680033087279414
64	30	0.004867747609355324
64	32	0.007419859904795724
64	34	0.011789795456249863
64	36	0.01823416515872188
64	38	0.025205882245872786
64	40	0.029839755003824298
64	42	0.030536953678579167
64	44	0.02818494883268714
64	46	0.02439079330249455
64	48	0.02024521065683415
64	50	0.01650105303614987
64	52	0.013592728782526792
64	54	0.011584337162315784
64	56	0.010294389965880228
64	58	0.009523860798536362
64	60	0.009144494569614145
64	62	0.009039824907365537
64	64	0.00907240981815785
64	66	0.009103366943010244
64	68	0.009070418753044226
64	70	0.008965632430811329
64	72	0.008772582719729138
64	74	0.00845247874734725
64	76	0.00799612246038077
64	78	0.007439718281358751
64	80	0.006826838151947799
64	82	0.006188954328736565
64	84	0.005545703628541207
64	86	0.004915466888091055
64	88	0.0043218496705447725
64	90	0.003784964368516093
64	92	0.0033123872823237806
64	94	0.0028985843911317226
64	96	0.0025335104884008745
64	98	0.002210324449796347
64	100	0.0019263380544970285
66	0	1.1165149812919027e-5
66	2	1.669657983553009e-5
66	4	2.496831828850554e-5
66	6	3.7337848202172614e-5
66	8	5.5835012554653053e-5
66	10	8.355133648505123e-5
66	12	1.2666813187758505e-4
66	14	1.9536146572085532e-4
66	16	2.8261859392368876e-4
66	18	4.0799583391658745e-4
66	20	6.34186217564075e-4
66	22	9.332580776488378e-4
66	24	0.0012837805937237839
66	26	0.0018130381137274067
66	28	0.0026132100737791294
66	30	0.003717774055005312
66	32	0.00540488514372578
66	34	0.008177783676788241
66	36	0.012153843455156037
66	38	0.016465833416611647
66	40	0.019521300952400938
66	42	0.02035934946161459
66	44	0.01936657883659153
66	46	0.01736640490685396
66	48	0.01492659958387164
66	50	0.012503907950513498
66	52	0.01044574146858376
66	54	0.00888872358523412
66	56	0.007790092307274815
66	58	0.007057342062313938
66	60	0.006614465442794538
66	62	0.006383840211071106
66	64	0.006278171463018457
66	66	0.006211572899441795
66	68	0.006138185667785211
66	70	0.006041112386405402
66	72	0.005902723960870636
66	74	0.005697577280741837
66	76	0.0054165846726080425
66	78	0.005074443785237463
66	80	0.004691543639820027
66	82	0.004284334827391097
66	84	0.003864990468779384
66	86	0.0034466331554881403
66	88	0.0030456403529508526
66	90	0.002676205910491723
66	92	0.002345111209392375
66	94	0.0020512804120673875
66	96	0.0017904359135605054
66	98	0.0015593483730167912
66	100	0.0013564803100309746
68	0	9.007782285753068e-6
68	2	1.380558676026504e-5
68	4	2.1158786106648373e-5
68	6	3.242835555728837e-5
68	8	4.970001240233307e-5
68	10	7.596220174898655e-5
68	12	1.1122902830323927e-4
68	14	1.544075754378559e-4
68	16	2.566572978759793e-4
68	18	4.1980057567625874e-4
68	20	5.269514676781728e-4
68	22	7.334265946949634e-4
68	24	0.0011516926034515118
68	26	0.0015916342967220798
68	28	0.0020707589542396194
68	30	0.0028285597596164123
68	32	0.004007545186890937
68	34	0.005727903919590689
68	36	0.008031925382775008
68	38	0.010586378585619512
68	40	0.012595438280384234
68	42	0.013431434674603946
68	44	0.013149127621174043
68	46	0.012149944377397357
68	48	0.010752965962641086
68	50	0.00924051013359846
68	52	0.007859218757533998
68	54	0.006737933701810647
68	56	0.005884004649844457
68	58	0.0052590958552911045
68	60	0.004829032265924464
68	62	0.004556098465710781
68	64	0.004392963711303311
68	66	0.00428721010728165
68	68	0.004201482350279263
68	70	0.004113607659401173
68	72	0.004006786421738656
68	74	0.0038655577163642743
68	76	0.0036835006536826507
68	78	0.003465358235068409
68	80	0.003219918038403051
68	82	0.0029559247456577837
68	84	0.0026813096496745505
68	86	0.002404973728085775
68	88	0.002136915710590872
68	90	0.0018856745039181426
68	92	0.0016562264693768013
68	94	0.0014498153962430604
68	96	0.0012656670944141528
68	98	0.0011026387145348494
68	100	9.595910251227921e-4
70	0	7.97550676036742e-6
70	2	1.226440853335848e-5
70	4	1.8859662991868254e-5
70	6	2.900144966150829e-5
70	8	4.459674044389779e-5
70	10	6.829690586771664e-5
70	12	9.829615021547193e-5
70	14	1.3148198687787027e-4
70	16	2.2694987368582212e-4
70	18	3.8307670512122523e-4
70	20	4.5380060593049835e-4
70	22	6.242255053073514e-4
70	24	0.001008675534838271
70	26	0.0013618257306673878
70	28	0.001682123478116427
70	30	0.002208835449945962
70	32	0.0030085977437790063
70	34	0.004076331200133496
70	36	0.005414063934192242
70	38	0.006887058685613428
70	40	0.008134349466126858
70	42	0.00881470996126059
70	44	0.008856699187128747
70	46	0.008405802291774171
70	48	0.007639114863905831
70	50	0.006730783912166415
70	52	0.0058355821647729685
70	54	0.005051477597303506
70	56	0.004412354853585726
70	58	0.003917060772405081
70	60	0.003552204140969571
70	62	0.0032958488924816056
70	64	0.0031210114771151112
70	66	0.002998601639154134
70	68	0.0029042285722020987
70	70	0.0028196747263125334
70	72	0.0027312631376913443
70	74	0.0026289126066083926
70	76	0.0025073250103592485
70	78	0.0023658788937643265
70	80	0.002206992497679724
70	82	0.0020348723189590892
70	84	0.0018546145205297357
70	86	0.0016722598751932132
70	88	0.0014938086337391474
70	90	0.001324178500106744
70	92	0.0011667687707514192
70	94	0.001023483968288754
70	96	8.950120840018446e-4
70	98	7.811911271285076e-4
70	100	6.812107515224315e-4
72	0	1.2144400183562304e-5
72	2	1.6408375931956923e-5
72	4	2.2169427378247264e-5
72	6	2.995314819902611e-5
72	8	4.0469635045488216e-5
72	10	5.5287418271334256e-5
72	12	8.890490751243236e-5
72	14	1.7241509648446764e-4
72	16	1.7398013879858865e-4
72	18	1.8551030932300789e-4
72	20	4.733727642632789e-4
72	22	7.800475351702512e-4
72	24	7.658760243821675e-4
72	26	0.0010074193593788113
72	28	0.0014694321124943312
72	30	0.0018290567708047231
72	32	0.002239245317192834
72	34	0.0029091776371022327
72	36	0.0037589134644800916
72	38	0.004586839927282413
72	40	0.005290683777843455
72	42	0.005782935304605459
72	44	0.005950502115718751
72	46	0.005772992933059556
72	48	0.005364456414966723
72	50	0.004843166553674989
72	52	0.004283636649051549
72	54	0.003745176019127905
72	56	0.0032777779415060315
72	58	0.0029051333147154332
72	60	0.0026193488641519922
72	62	0.002402184377394066
72	64	0.002239520835246329
72	66	0.0021198136714051675
72	68	0.0020280842486894157
72	70	0.0019493277103847437
72	72	0.0018735118206815885
72	74	0.0017956340504518495
72	76	0.0017116766126696807
72	78	0.0016177188874352173
72	80	0.0015128348786234498
72	82	0.0013993115935924307
72	84	0.0012805557362509418
72	86	0.0011601673963615915
72	88	0.0010413870971059083
72	90	9.27133675753234e-4
72	92	8.199558110095146e-4
72	94	7.216550717640053e-4
72	96	6.330344071310762e-4
72	98	5.541908538079051e-4
72	100	4.846927967293512e-4
74	0	1.4054973190204102e-5
74	2	1.7891779983918774e-5
74	4	2.2775956372988007e-5
74	6	2.8993397934530825e-5
74	8	3.6908030705263025e-5
74	10	4.780424341126567e-5
74	12	7.96691410384719e-5
74	14	1.765294680602196e-4
74	16	1.4414648222315263e-4
74	18	1.291035947949168e-4
74	20	4.326595609439948e-4
74	22	7.567604118997028e-4
74	24	6.275578976093518e-4
74	26	8.160500737481542e-4
74	28	0.0012344561395621575
74	30	0.0014757912527351268
74	32	0.00170283147626967
74	34	0.0021144254515586855
74	36	0.00262604541139361
74	38	0.003095393435304566
74	40	0.003502908275527857
74	42	0.003826495935622933
74	44	0.003984046906495533
74	46	0.0039332089827759965
74	48	0.003727793607957153
74	50	0.0034328546029518225
74	52	0.0030903842134141373
74	54	0.00273924266703031
74	56	0.002417143055120744
74	58	0.0021452691321768797
74	60	0.001924234128971141
74	62	0.001748056404816859
74	64	0.0016115932062912832
74	66	0.0015085478336108362
74	68	0.0014282978467586116
74	70	0.0013602986370479507
74	72	0.0012979632945169903
74	74	0.001237786221835578
74	76	0.0011763673349388538
74	78	0.0011103194695109737
74	80	0.0010386120218061421
74	82	9.625156104189376e-4
74	84	8.837194280629201e-4
74	86	8.038028120770139e-4
74	88	7.244502677785988e-4
74	90	6.475931440065613e-4
74	92	5.751092732185369e-4
74	94	5.082934678820087e-4
74	96	4.4767581571015223e-4
74	98	3.933801142744483e-4
74	100	3.4527153218425784e-4
76	0	3.366792399121048e-6
76	2	5.979430412933811e-6
76	4	1.061945948893908e-5
76	6	1.8860076306267385e-5
76	8	3.34951325865172e-5
76	10	5.782397414970393e-5
76	12	6.730820147848903e-5
76	14	5.1237309395968275e-5
76	16	1.781953217605157e-4
76	18	5.379309836797104e-4
76	20	2.2112319890694405e-4
76	22	2.39281631583535e-4
76	24	7.431229413590819e-4
76	26	9.746128626288215e-4
76	28	8.625544971074568e-4
76	30	0.001050271096341894
76	32	0.0013760105403003192
76	34	0.0016034972876695036
76	36	0.001811575906976407
76	38	0.0020998469370863042
76	40	0.0023848610279495574
76	42	0.0025713522740391406
76	44	0.002657163254472561
76	46	0.0026681692370935195
76	48	0.0025868424838050397
76	50	0.002416573642686559
76	52	0.0022014044889388
76	54	0.0019805673870177004
76	56	0.0017695391186362932
76	58	0.0015752608137514041
76	60	0.001408293689606349
76	62	0.0012735983635347168
76	64	0.0011671983109131302
76	66	0.0010811870024895855
76	68	0.001010834854365335
76	70	9.532556021783968e-4
76	72	9.040343538156394e-4
76	74	8.577060749197704e-4
76	76	8.110212615358067e-4
76	78	7.632717492546517e-4
76	80	7.141217125930191e-4
76	82	6.630459919669127e-4
76	84	6.100674625409966e-4
76	86	5.562385550053603e-4
76	88	5.030342801629718e-4
76	90	4.516714854762647e-4
76	92	4.029913619448644e-4
76	94	3.576843006643203e-4
76	96	3.163289678071459e-4
76	98	2.791745793401403e-4
76	100	2.4613611523594155e-4
78	0	2.0027431096276466e-06
78	2	3.966166305905914e-6
78	4	7.854449605757631e-6
78	6	1.555460329942584e-5
78	8	3.080341327810146e-5
78	10	5.829576443265937e-5
78	12	5.898474085985274e-5
78	14	3.0636862974376444e-5
78	16	1.738105419520691e-4
78	18	7.779083103180367e-4
78	20	1.5626376348102104e-4
78	22	1.426088014725675e-4
78	24	6.647270822082614e-4
78	26	8.647721155985966e-4
78	28	6.522293844766112e-4
78	30	7.959350220195594e-4
78	32	0.0010616757668955755
78	34	0.0011908425639153822
78	36	0.0012861679587640516
78	38	0.0014572432454132232
78	40	0.001631943547122149
78	42	0.001739389097065468
78	44	0.0017931659673238408
78	46	0.0018163461636696704
78	48	0.001784446274026205
78	50	0.001689754981402251
78	52	0.0015603330964590427
78	54	0.0014214312211284258
78	56	0.0012817851943993618
78	58	0.001147138520675996
78	60	0.0010276361153762504
78	62	9.281074315191598e-4
78	64	8.461218917721555e-4
78	66	7.770759988311223e-4
78	68	7.194865125486824e-4
78	70	6.724782883077129e-4
78	72	6.3285854645068e-4
78	74	5.964727933951013e-4
78	76	5.611677811778366e-4
78	78	5.26646704730097e-4
78	80	4.923662685512095e-4
78	82	4.5732444215663173e-4
78	84	4.212140823192412e-4
78	86	3.8481954720942545e-4
78	88	3.491449091329412e-4
78	90	3.1479463073700567e-4
78	92	2.820824939988149e-4
78	94	2.5142092496145875e-4
78	96	2.233235241764298e-4
78	98	1.9803356128681243e-4
78	100	1.7547105474971752e-4
80	0	2.9484042706202555e-5
80	2	2.94101203367193e-5
80	4	2.9336383405868985e-5
80	6	2.9262831312810154e-5
80	8	2.9189463635689842e-5
80	10	3.044837531981547e-5
80	12	5.841187185691679e-5
80	14	2.1220938484424421e-4
80	16	7.773208582821749e-5
80	18	3.6064222798953385e-5
80	20	3.2146179607650495e-4
80	22	6.617333451111199e-4
80	24	2.7487191427505713e-4
80	26	3.4599391734427363e-4
80	28	6.538040381989133e-4
80	30	7.321173620143425e-4
80	32	7.277271090097462e-4
80	34	8.301866134656549e-4
80	36	9.614276259832802e-4
80	38	0.0010416897664675255
80	40	0.0011056462045759845
80	42	0.0011787580279185312
80	44	0.0012337288614381232
80	46	0.0012431969256197148
80	48	0.0012179834168205652
80	50	0.0011704719833058011
80	52	0.001100770229675802
80	54	0.0010127365127368911
80	56	9.187459484513102e-4
80	58	8.291828585891877e-4
80	60	7.469505040041165e-4
80	62	6.732917559261461e-4
80	64	6.100818526973245e-4
80	66	5.57999031085516e-4
80	68	5.148180789460278e-4
80	70	4.7783718113986727e-4
80	72	4.4558519361561624e-4
80	74	4.1711593985088214e-4
80	76	3.909865913743533e-4
80	78	3.656417420043324e-4
80	80	3.4045693558729166e-4
80	82	3.155804840333877e-4
80	84	2.91041916202974e-4
80	86	2.666606112030054e-4
80	88	2.4253013396146887e-4
80	90	2.1913301549066674e-4
80	92	1.970385121560985e-4
80	94	1.7654957461082918e-4
80	96	1.5769196565768422e-4
80	98	1.404752693751287e-4
80	100	1.2496523363391893e-4
82	0	6.391386396891401e-5
82	2	5.172725391185704e-5
82	4	4.186419703517528e-5
82	6	3.3881707647038484e-5
82	8	2.7421244111929503e-5
82	10	2.382425268120694e-5
82	12	5.3862914861612e-5
82	14	3.2716077909292223e-4
82	16	5.6024936521392545e-5
82	18	1.4006120913029681e-5
82	20	3.354365823815439e-4
82	22	8.331416313910558e-4
82	24	1.8164406899318165e-4
82	26	2.2462364971601327e-4
82	28	5.296145425225816e-4
82	30	5.76612227918779e-4
82	32	5.31389245439984e-4
82	34	6.02393505905301e-4
82	36	6.991962459456195e-4
82	38	7.39970968840406e-4
82	40	7.675860157514746e-4
82	42	8.114343262038396e-4
82	44	8.473191832155467e-4
82	46	8.522241622993541e-4
82	48	8.37657535405066e-4
82	50	8.124574358482091e-4
82	52	7.720594245517871e-4
82	54	7.165678978084256e-4
82	56	6.553948542046263e-4
82	58	5.961938112922949e-4
82	60	5.399862121692103e-4
82	62	4.875062263051125e-4
82	64	4.409901915347124e-4
82	66	4.01798120464296e-4
82	68	3.685794564987736e-4
82	70	3.39633491123757e-4
82	72	3.1441417332057805e-4
82	74	2.92559123840862e-4
82	76	2.729374442536897e-4
82	78	2.542188429686248e-4
82	80	2.359562845036278e-4
82	82	2.1838119730364022e-4
82	84	2.0146292254304582e-4
82	86	1.8483741852180145e-4
82	88	1.6841511082664711e-4
82	90	1.5253757032194915e-4
82	92	1.3764563371883095e-4
82	94	1.2390202590245104e-4
82	96	1.1121205399152843e-4
82	98	9.95293821821861e-5
82	100	8.893400851151616e-5
84	0	2.9148026900601222e-6
84	2	4.996003168638169e-6
84	4	8.563190430696862e-6
84	6	1.4677341300052045e-5
84	8	2.5156909549954577e-5
84	10	4.162935971312352e-5
84	12	4.308564367481049e-5
84	14	2.7633601038035288e-5
84	16	1.0068001018462359e-4
84	18	3.028540170632643e-4
84	20	9.928679407967784e-5
84	22	9.540325872318184e-5
84	24	2.845374924604506e-4
84	26	3.5050786834330954e-4
84	28	3.01166914974531e-4
84	30	3.552631210374236e-4
84	32	4.3377670450790235e-4
84	34	4.6561990657193164e-4
84	36	4.838620029190229e-4
84	38	5.166208270093736e-4
84	40	5.482323395155359e-4
84	42	5.670486747411945e-4
84	44	5.77979168691497e-4
84	46	5.84500160942677e-4
84	48	5.805389783019843e-4
84	50	5.634389667220229e-4
84	52	5.368761759148155e-4
84	54	5.041547450188455e-4
84	56	4.666661123247164e-4
84	58	4.2655115188195325e-4
84	60	3.8721678588950496e-4
84	62	3.508755451037898e-4
84	64	3.1814512942385297e-4
84	66	2.890535667756172e-4
84	68	2.637569791805023e-4
84	70	2.4207207993532086e-4
84	72	2.232279486361291e-4
84	74	2.0639966979288577e-4
84	76	1.911381317883039e-4
84	78	1.7719966624536357e-4
84	80	1.642162140389054e-4
84	82	1.5176164868996203e-4
84	84	1.396578269185226e-4
84	86	1.2800286792890225e-4
84	88	1.1689941331531063e-4
84	90	1.0634501040044336e-4
84	92	9.631985904046226e-5
84	94	8.690133234488057e-5
84	96	7.822605369503306e-5
84	98	7.03564558183769e-5
84	100	6.32556412830945e-5
86	0	2.7204900005769825e-6
86	2	4.674368971156567e-6
86	4	8.031529080433995e-6
86	6	1.3799788654133653e-5
86	8	2.371072506808738e-5
86	10	3.917988462204582e-5
86	12	3.8635865382273035e-5
86	14	2.2652260543090828e-5
86	16	8.825174187216662e-5
86	18	2.773895794580151e-4
86	20	7.862017336338296e-5
86	22	7.181058726066102e-5
86	24	2.2402801329497436e-4
86	26	2.705272511011416e-4
86	28	2.237168815058365e-4
86	30	2.6187955371914266e-4
86	32	3.189952583502846e-4
86	34	3.3911351836495317e-4
86	36	3.4825710058005365e-4
86	38	3.6787564400699333e-4
86	40	3.863718823347993e-4
86	42	3.958703971160315e-4
86	44	4.0074571051113933e-4
86	46	4.038764103501628e-4
86	48	4.0111100204470485e-4
86	50	3.905000771738713e-4
86	52	3.741901551533928e-4
86	54	3.5386430037667927e-4
86	56	3.2993180593284254e-4
86	58	3.03581352445593e-4
86	60	2.7707743933946415e-4
86	62	2.519526128349592e-4
86	64	2.2873381776135026e-4
86	66	2.0763909079522875e-4
86	68	1.8898153820647538e-4
86	70	1.7276419231438447e-4
86	72	1.5853103914417545e-4
86	74	1.4579648821151276e-4
86	76	1.3432421432684271e-4
86	78	1.2397684669010605e-4
86	80	1.1448909296370025e-4
86	82	1.055390347209261e-4
86	84	9.698638483131739e-5
86	86	8.888199878669439e-5
86	88	8.126312241301993e-5
86	90	7.408392883203811e-5
86	92	6.729251913073305e-5
86	94	6.092093987040247e-5
86	96	5.5054836349577184e-5
86	98	4.973066300346815e-5
86	100	4.491433942733736e-5
88	0	1.0172573152304192e-5
88	2	1.2428689103716218e-5
88	4	1.5185168323824203e-5
88	6	1.8552978041566326e-5
88	8	2.266769322405038e-5
88	10	2.7835212013652233e-5
88	12	3.651483548428622e-5
88	14	5.114806563124673e-5
88	16	5.630945509822581e-5
88	18	6.338465499309632e-5
88	20	9.551760035285541e-5
88	22	1.2215542569397135e-4
88	24	1.310968270987082e-4
88	26	1.545581127291745e-4
88	28	1.857354507919417e-4
88	30	2.0753244506368587e-4
88	32	2.2431229064868343e-4
88	34	2.4058074826716349e-4
88	36	2.541901080787695e-4
88	38	2.63864369471273e-4
88	40	2.7111912565692015e-4
88	42	2.7675612880367564e-4
88	44	2.8011182821152236e-4
88	46	2.80362254393327e-4
88	48	2.7729751183252333e-4
88	50	2.708342867302909e-4
88	52	2.60919053732783e-4
88	54	2.478409054954841e-4
88	56	2.3233140483867626e-4
88	58	2.1528304745339674e-4
88	60	1.9761467533230048e-4
88	62	1.8023898590743216e-4
88	64	1.638766508342056e-4
88	66	1.489268232827381e-4
88	68	1.3546428910438167e-4
88	70	1.234261365756271e-4
88	72	1.1271684330480545e-4
88	74	1.0320034537697603e-4
88	76	9.469267835040189e-5
88	78	8.700168832691004e-5
88	80	7.997408402443952e-5
88	82	7.349579230748182e-5
88	84	6.74750734066185e-5
88	86	6.18416030925405e-5
88	88	5.65546972335944e-5
88	90	5.1599866897549715e-5
88	92	4.697793483143341e-5
88	94	4.26936359446862e-5
88	96	3.8747501391015796e-5
88	98	3.513407023416633e-5
88	100	3.184306934840975e-5
90	0	9.751338725073754e-6
90	2	1.1885790927083924e-5
90	4	1.4487442592544073e-5
90	6	1.7658553362285663e-5
90	8	2.152376366046395e-5
90	10	2.6285543188178044e-5
90	12	3.28640583286597e-5
90	14	4.195374808200465e-5
90	16	4.930470056405248e-5
90	18	5.81907989145447e-5
90	20	7.509182961192589e-5
90	22	9.106441110136655e-5
90	24	1.032302188936041e-4
90	26	1.192806005006312e-4
90	28	1.3699196337574354e-4
90	30	1.5157197213747295e-4
90	32	1.6360626126652567e-4
90	34	1.7394926372295025e-4
90	36	1.820809159778472e-4
90	38	1.8785034034541782e-4
90	40	1.9185477052816862e-4
90	42	1.9448218351868161e-4
90	44	1.9564557456171208e-4
90	46	1.9505410225556828e-4
90	48	1.9253505093295528e-4
90	50	1.8804458699041868e-4
90	52	1.8161213938608467e-4
90	54	1.7333484750930745e-4
90	56	1.634214586335686e-4
90	58	1.5224295739913759e-4
90	60	1.4038792260915464e-4
90	62	1.2852664962198523e-4
90	64	1.1718086725301113e-4
90	66	1.066349038359951e-4
90	68	9.697027365908467e-5
90	70	8.818970214615844e-5
90	72	8.027854939134567e-5
90	74	7.319459710097313e-5
90	76	6.68551217019936e-5
90	78	6.115663526076606e-5
90	80	5.600240246982173e-5
90	82	5.130973238005026e-5
90	84	4.700987706354559e-5
90	86	4.3046465823860355e-5
90	88	3.9377488696082075e-5
90	90	3.5974873033790475e-5
90	92	3.282230835668057e-5
90	94	2.9911658608602417e-05
90	96	2.72367260512177e-5
90	98	2.478851168280404e-5
90	100	2.255477456051786e-5
92	0	9.805036446590436e-6
92	2	1.1790039958729196e-5
92	4	1.4176896448006628e-5
92	6	1.7046956285200124e-5
92	8	2.04980371270639e-5
92	10	2.464906034945634e-5
92	12	2.9647817223145674e-5
92	14	3.561857324287496e-5
92	16	4.263688183583689e-5
92	18	5.0752915858981344e-5
92	20	5.98910897904518e-5
92	22	6.986539536942396e-5
92	24	8.038598416998601e-5
92	26	9.104795500744179e-5
92	28	1.0136161892119977e-4
92	30	1.1080458439819649e-4
92	32	1.1891686731125348e-4
92	34	1.2543522001481626e-4
92	36	1.3032165820426025e-4
92	38	1.3371135259690117e-4
92	40	1.358353705637755e-4
92	42	1.368975246044403e-4
92	44	1.3700692486393257e-4
92	46	1.361383954030828e-4
92	48	1.3419133133701856e-4
92	50	1.3107436427248315e-4
92	52	1.2674395185894002e-4
92	54	1.2123689396953515e-4
92	56	1.1470924891183232e-4
92	58	1.0740843846230685e-4
92	60	9.963200276395103e-5
92	62	9.168755236125369e-5
92	64	8.385073758541971e-5
92	66	7.634513445287824e-5
92	68	6.932869172343124e-5
92	70	6.289396614162601e-5
92	72	5.707392292118478e-5
92	74	5.18531361636457e-5
92	76	4.7184700140697217e-5
92	78	4.300725648208198e-5
92	80	3.925621776625032e-5
92	82	3.587023202167484e-5
92	84	3.2797755204500035e-5
92	86	2.999732503528224e-5
92	88	2.7436165065381793e-5
92	90	2.508812718650708e-5
92	92	2.2932551598317146e-5
92	94	2.0953850507578604e-5
92	96	1.9139860059371534e-5
92	98	1.7479229992915354e-5
92	100	1.596099954704391e-5
94	0	1.0405677984870437e-5
94	2	1.2185115130459985e-5
94	4	1.4268843008874353e-5
94	6	1.670889491653343e-5
94	8	1.9566201174131866e-5
94	10	2.2909508082770887e-5
94	12	2.6796217763358112e-5
94	14	3.129129310627205e-5
94	16	3.643917066077713e-5
94	18	4.218130894264127e-5
94	20	4.843792544923221e-5
94	22	5.508811544107603e-5
94	24	6.195086372034222e-5
94	26	6.87745190023848e-5
94	28	7.526670004815945e-5
94	30	8.116401081020962e-5
94	32	8.621677535814875e-5
94	34	9.023747778317579e-5
94	36	9.317132541135878e-5
94	38	9.508047324263512e-5
94	40	9.610534933411593e-5
94	42	9.639021118784163e-5
94	44	9.604841528380523e-5
94	46	9.51247713091161e-5
94	48	9.3591153316551e-5
94	50	9.137983719028116e-5
94	52	8.843092110823021e-5
94	54	8.475165438631064e-5
94	56	8.044718240293833e-5
94	58	7.566788726040934e-5
94	60	7.055148678275784e-5
94	62	6.522870915704546e-5
94	64	5.984540825997298e-5
94	66	5.4564178020244814e-5
94	68	4.953785495564708e-5
94	70	4.48742834511604e-5
94	72	4.062415884375321e-5
94	74	3.679294337341132e-5
94	76	3.336073242748061e-5
94	78	3.0295412907998554e-5
94	80	2.7557791699519016e-5
94	82	2.5106607859547297e-5
94	84	2.290490761766618e-5
94	86	2.0920898366567514e-5
94	88	1.9127747300985116e-5
94	90	1.750237601340971e-5
94	92	1.602453934781587e-5
94	94	1.4676889347342757e-5
94	96	1.3445273835372705e-5
94	98	1.2317994301954091e-5
94	100	1.128561658839844e-5
96	0	1.1114530411273207e-5
96	2	1.2659067252892464e-5
96	4	1.4418238413496957e-5
96	6	1.6421869318822623e-5
96	8	1.8703929641044965e-5
96	10	2.129969181236147e-5
96	12	2.4221062911758228e-5
96	14	2.748990067931093e-5
96	16	3.111829819124357e-5
96	18	3.5027808692169363e-5
96	20	3.915509321419109e-5
96	22	4.342424454490353e-5
96	24	4.773079111669138e-5
96	26	5.1935128869495766e-5
96	28	5.587932781959468e-5
96	30	5.943082233365141e-5
96	32	6.245476346386085e-5
96	34	6.48346067892539e-5
96	36	6.652315387167464e-5
96	38	6.754093952018564e-5
96	40	6.796294011123716e-5
96	42	6.787894816450109e-5
96	44	6.737545673307757e-5
96	46	6.650884380783218e-5
96	48	6.528871967092404e-5
96	50	6.36863053135646e-5
96	52	6.16637927271454e-5
96	54	5.921628244389545e-5
96	56	5.6389649252581065e-5
96	58	5.325233648389606e-5
96	60	4.9864815098215434e-5
96	62	4.628955084608153e-5
96	64	4.2610668236173014e-5
96	66	3.8937000235273034e-5
96	68	3.538282371355978e-5
96	70	3.2037387793330954e-5
96	72	2.895235598071782e-5
96	74	2.6147968770972763e-5
96	76	2.3624942882921286e-5
96	78	2.1372092860185522e-5
96	80	1.9368776536468643e-5
96	82	1.7589158518454728e-5
96	84	1.6007533008485955e-5
96	86	1.4599162645771414e-5
96	88	1.3341448234247831e-5
96	90	1.2214094840801804e-5
96	92	1.1198771838791189e-5
96	94	1.0279259678954986e-5
96	96	9.442124757487544e-6
96	98	8.676669281248438e-6
96	100	7.974811183255397e-6
98	0	1.1922798956619608e-5
98	2	1.3197112303551245e-5
98	4	1.460762276320366e-5
98	6	1.616888647395896e-5
98	8	1.789701516931296e-5
98	10	1.980731621228634e-5
98	12	2.1894690937395884e-5
98	14	2.4150412970624644e-5
98	16	2.6560687885683717e-5
98	18	2.9071114737491613e-5
98	20	3.164053292153903e-5
98	22	3.4223584999520106e-5
98	24	3.676821345786669e-5
98	26	3.9211384364896384e-5
98	28	4.148061821978864e-5
98	30	4.350655792102346e-5
98	32	4.5215718154256305e-5
98	34	4.654376911381962e-5
98	36	4.745475381760446e-5
98	38	4.794512207927452e-5
98	40	4.804591581276669e-5
98	42	4.780576900855501e-5
98	44	4.7281251247321596e-5
98	46	4.652076659704351e-5
98	48	4.5551570642490764e-5
98	50	4.4376215935217444e-5
98	52	4.298222921430255e-5
98	54	4.1360613952090634e-5
98	56	3.9512868012573376e-5
98	58	3.745140573419482e-5
98	60	3.519945122459739e-5
98	62	3.279473662029142e-5
98	64	3.029107766357086e-5
98	66	2.7756814688737973e-5
98	68	2.5265916559933022e-5
98	70	2.2882172523962722e-5
98	72	2.0651516009674706e-5
98	74	1.860232653331406e-5
98	76	1.674839164825619e-5
98	78	1.5091782498970603e-5
98	80	1.3624099172036687e-5
98	82	1.233021999894224e-5
98	84	1.1192519386642006e-5
98	86	1.0191593070792134e-5
98	88	9.308390228945865e-6
98	90	8.525421840029086e-6
98	92	7.826897674871329e-6
98	94	7.198821188947139e-6
98	96	6.62952759014544e-6
98	98	6.109837016790858e-6
98	100	5.632944104434205e-6
100	0	1.2817357282973112e-5
100	2	1.3781886816139512e-5
100	4	1.4818997882577116e-5
100	6	1.593415212524532e-5
100	8	1.7133222141887405e-5
100	10	1.8421513522583182e-5
100	12	1.9792349823858266e-5
100	14	2.1216646566739633e-5
100	16	2.266473994781702e-5
100	18	2.4120600954867716e-5
100	20	2.5563803853148382e-5
100	22	2.696980807931221e-5
100	24	2.8320919742586382e-5
100	26	2.9602019019415155e-5
100	28	3.079013655502908e-5
100	30	3.18452375673424e-5
100	32	3.2725605342181474e-5
100	34	3.339895623660417e-5
100	36	3.383717249457284e-5
100	38	3.40229373248743e-5
100	40	3.396017406603766e-5
100	42	3.367024552541915e-5
100	44	3.318664254524939e-5
100	46	3.2546510718364934e-5
100	48	3.1783282920544675e-5
100	50	3.0917760270445024e-5
100	52	2.9954580915166016e-5
100	54	2.888408319635363e-5
100	56	2.7682313622463967e-5
100	58	2.632983769627619e-5
100	60	2.4831550157967512e-5
100	62	2.32147124685526e-5
100	64	2.151617490702727e-5
100	66	1.9776638261802617e-5
100	68	1.8039350080696567e-5
100	70	1.6346597464026684e-5
100	72	1.4736824531220357e-5
100	74	1.3241105129988578e-5
100	76	1.1879790251253925e-5
100	78	1.0662166180487967e-5
100	80	9.587096728769696e-6
100	82	8.646309233682828e-6
100	84	7.827713482056259e-6
100	86	7.116054985928825e-6
100	88	6.4954952084476775e-6
100	90	5.951349909723186e-6
100	92	5.470487107342004e-6
100	94	5.041348097495253e-6
100	96	4.654271438268151e-6
100	98	4.301677799773563e-6
100	100	3.977959378268725e-6
