Protein	Start	End	Best-Peptide	Best-Coverage
3BP1	506	510	PAT	0.75
3BP1	524	526	LA	1.0
A0A096LNW5	8	13	L	0.6
A0A0G2JN53	74	75	P	1.0
A0A0G2JN53	85	87	A	1.0
A0A0G2JN53	88	90	RA	1.0
A0A0U1RQG5	91	93	DE	1.0
A0A0U1RQG5	217	222	E	0.6
A0A2R8Y4L2	152	166	G	0.642857
A0A2R8Y4L2	181	194	GG	0.769231
A0A3B3IRQ3	23	30	YG	0.857143
A0A3B3IRQ3	81	85	SG	1.0
A0A3B3IRS2	61	65	SG	1.0
A0A3B3IRS2	85	93	GSG	0.75
A0A3B3IU63	122	126	EE	1.0
A0A494C176	16	27	PP	0.909091
A0A6Q8PGZ6	30	38	R	1.0
AB1IP	612	613	V	1.0
ABCC9	955	964	E	0.777778
ABCF1	65	73	Q	1.0
ACINU	281	287	EE	1.0
ACINU	581	582	S	1.0
ACINU	589	598	RS	0.666667
ACINU	1289	1290	E	1.0
ACINU	1297	1300	DRG	1.0
ACINU	1301	1302	R	1.0
ACRC	192	200	SDD	0.75
ACRC	208	209	S	1.0
ACRC	211	213	SD	1.0
ACRC	216	221	D	0.6
ACRC	226	228	DS	1.0
ACRC	237	241	SSD	0.75
ACRC	276	281	D	0.6
ACRC	286	287	D	1.0
ACRC	297	301	SSD	0.75
ADA2B	298	300	E	1.0
AEBP1	162	165	KPP	1.0
AEBP2	48	52	AE	1.0
AEBP2	73	77	GG	1.0
AF17	205	206	G	1.0
AF17	329	330	S	1.0
AFF3	412	417	S	1.0
AFF3	426	428	DS	1.0
AFF4	442	449	SS	0.857143
AGRB1	1411	1412	P	1.0
AHDC1	430	438	P	1.0
AHNK	4176	4179	VDV	1.0
AKNA	791	793	G	1.0
ALKB5	32	39	A	0.857143
ALMS1	28	35	A	1.0
ALX4	101	116	PQP	0.8
AMOT	384	398	HH	0.857143
AMOT	917	926	A	0.888889
AN32A	187	201	EE	0.857143
AN32B	169	182	EDE	0.692308
AN32B	222	223	E	1.0
AN32B	229	233	E	1.0
AN32E	194	201	DE	0.857143
ANK3	3967	3978	T	1.0
ANO8	588	589	E	1.0
ANPRA	16	27	L	0.818182
ANR17	98	99	G	1.0
ANR17	110	113	TSS	1.0
ANS1A	35	36	G	1.0
ANS1A	50	57	G	0.571429
ANTRL	411	417	P	0.833333
APLP2	228	231	E	1.0
ARI1A	349	352	SGG	1.0
ARI1B	308	309	G	1.0
ARI1B	319	336	GG	0.941176
ARI1B	350	357	G	1.0
ARI1B	358	361	GGS	1.0
ARI3A	437	445	A	0.75
ARI4B	553	557	D	0.75
ARMD4	637	638	K	1.0
ARMX4	1811	1829	AGA	1.0
ASM	39	49	AL	1.0
ASXL1	644	653	G	0.888889
ASXL3	2019	2020	P	1.0
ASXL3	2034	2040	P	1.0
AT1B4	55	58	E	1.0
AT2B1	296	300	EE	1.0
AT2B1	303	305	K	1.0
ATAD2	277	281	EDD	0.75
ATF5	123	137	PP	1.0
ATN1	485	486	Q	1.0
ATN1	502	504	H	1.0
ATN1	817	818	E	1.0
ATN1	830	836	E	0.5
ATRN	64	65	L	1.0
ATRX	1446	1450	E	0.75
ATX7	39	43	P	1.0
AUTS2	531	533	QH	1.0
B3A3	139	145	E	1.0
B4GN3	615	616	E	1.0
BAZ1B	1262	1263	E	1.0
BAZ2B	613	625	D	0.5
BC11A	487	492	E	0.6
BCLF1	19	27	SR	0.75
BD1L1	27	33	P	0.666667
BD1L1	33	35	AG	1.0
BD1L1	37	49	GAG	1.0
BGIN	514	519	PAT	0.6
BGIN	532	534	LA	1.0
BHE22	210	222	GGG	0.75
BHE22	226	234	S	1.0
BHE41	397	398	A	1.0
BMP2K	15	31	GAG	0.75
BMP2K	486	494	H	1.0
BRD2	488	493	SS	0.8
BRD2	504	515	E	0.545455
BRD2	793	795	DT	1.0
BRD4	758	764	P	0.666667
BRD4	778	783	P	1.0
BRDT	648	653	ES	0.8
BRPF3	420	430	E	0.9
BRWD3	1701	1715	GRG	0.857143
BSN	24	31	PG	0.857143
BSN	33	35	GK	1.0
BSN	73	74	G	1.0
BT2A2	16	17	L	1.0
BTBD2	43	44	A	1.0
C1QL2	92	104	P	0.5
C1QL3	77	90	P	0.538462
C1QL4	71	72	P	1.0
C1QL4	81	86	GEP	0.6
C1QRF	79	91	PPG	0.75
C1QRF	96	97	G	1.0
C1QT3	56	62	GPP	1.0
CAC1A	2314	2315	Q	1.0
CALD1	322	327	RAA	0.6
CALD1	333	341	E	0.5
CASZ1	1692	1693	E	1.0
CASZ1	1706	1712	DD	1.0
CB016	1664	1667	SSE	1.0
CB016	1669	1673	HRS	0.75
CBX4	389	390	H	1.0
CBX8	151	157	RD	1.0
CBX8	158	162	ERD	0.75
CC136	26	32	E	0.833333
CC180	768	770	E	1.0
CC180	774	782	E	0.75
CCDC6	44	47	KSG	1.0
CCER1	304	306	E	1.0
CCER1	310	313	E	1.0
CCER1	317	324	E	0.857143
CCER1	333	334	E	1.0
CCER1	349	350	N	1.0
CCG8	341	345	G	0.75
CCG8	352	355	AGA	1.0
CCNK	482	483	P	1.0
CCNK	491	494	ASF	1.0
CCNL2	14	20	AA	1.0
CCNL2	463	474	SRS	0.818182
CD11A	163	167	ER	1.0
CD11A	181	190	ERR	0.666667
CD11A	281	284	S	1.0
CD11A	310	312	SE	1.0
CD11B	175	179	ER	1.0
CD11B	193	202	ERR	0.666667
CD11B	293	296	S	1.0
CD11B	322	324	SE	1.0
CDK12	1272	1280	P	1.0
CDK13	68	69	A	1.0
CDK13	76	79	S	1.0
CDN1C	181	182	P	1.0
CDN1C	217	218	A	1.0
CDSN	152	160	S	0.875
CDX2	252	257	Q	0.8
CEBPB	162	170	P	1.0
CELF3	355	359	PP	1.0
CELR2	25	30	PP	0.8
CENPB	419	421	GE	1.0
CENPB	519	534	DD	0.666667
CFA65	1771	1772	E	1.0
CFA65	1784	1786	TE	1.0
CFA65	1789	1791	LG	1.0
CFC1	180	182	L	1.0
CFC1	186	189	LHR	1.0
CFC1B	180	182	L	1.0
CFC1B	186	189	LHR	1.0
CHCH2	34	40	AA	0.666667
CHCH9	34	40	AA	0.666667
CHD3	206	210	A	0.75
CHD9	2178	2183	S	0.8
CHD9	2193	2197	EES	0.75
CHERP	359	370	PAP	0.818182
CHERP	797	802	SR	0.8
CHIC1	46	48	DE	1.0
CHTOP	189	193	G	0.75
CIR1	258	259	S	1.0
CIZ1	15	19	Q	0.75
CIZ1	37	38	L	1.0
CKAP4	87	97	A	0.7
CLASR	419	426	RS	0.571429
CLASR	432	440	SR	0.75
CNGB1	357	358	E	1.0
CNOT3	399	410	GG	0.909091
CO1A1	136	141	QPG	0.6
CO1A1	156	157	G	1.0
CO1A1	424	427	GPP	1.0
CO1A2	73	75	G	1.0
CO1A2	1101	1104	GVS	1.0
CO2A1	175	177	G	1.0
CO2A1	243	248	P	0.8
CO2A1	1068	1073	P	0.6
CO2A1	1201	1206	PG	0.8
CO3A1	177	185	P	0.75
CO3A1	1185	1190	P	0.8
CO4A2	435	445	P	0.6
CO4A3	657	665	PG	0.75
CO4A5	204	209	P	0.8
CO4A5	705	714	PGP	0.666667
CO4A6	205	212	PPG	0.857143
CO5A1	688	696	P	0.75
CO5A1	964	970	PPG	1.0
CO5A1	1252	1256	P	0.75
CO5A1	1466	1472	PGL	1.0
CO5A1	1529	1541	PGP	0.75
CO5A2	1213	1215	PG	1.0
CO5A3	419	423	P	0.75
CO5A3	1438	1443	GP	0.8
CO8A1	556	559	GLP	1.0
CO8A2	89	94	P	0.8
CO8A2	533	534	G	1.0
CO9A1	275	284	PPG	1.0
CO9A1	397	399	PR	1.0
CO9A1	796	805	PPG	1.0
CO9A2	33	41	P	0.75
CO9A2	109	118	PG	0.666667
CO9A3	56	63	PGP	0.857143
CO9A3	67	69	GK	1.0
CO9A3	110	116	G	0.5
CO9A3	140	145	PGP	0.6
CO9A3	160	163	HPG	1.0
COAA1	416	418	P	1.0
COAA1	507	516	GPP	1.0
COBA1	934	939	P	0.8
COBA1	1498	1503	P	0.8
COBA2	1177	1182	P	0.8
COBA2	1460	1461	P	1.0
COCA1	2829	2837	GP	0.75
CODA1	272	280	GP	0.75
CODA1	295	304	PG	0.666667
COFA1	623	627	P	0.75
COFA1	937	938	G	1.0
COFA1	946	947	G	1.0
COFA1	1096	1098	P	1.0
COFA1	1106	1107	P	1.0
COGA1	908	918	P	0.6
COGA1	1045	1053	P	0.625
COGA1	1129	1133	P	0.75
COGA1	1200	1206	GPP	1.0
COHA1	432	438	GG	1.0
COHA1	443	447	GG	1.0
COHA1	857	862	P	0.8
COHA1	909	914	P	0.8
COHA1	996	1004	P	0.75
COHA1	1215	1217	P	1.0
COHA1	1223	1230	GP	0.571429
COHA1	1460	1469	PG	0.666667
COIA1	867	874	PPG	0.857143
COIA1	952	958	GPP	1.0
COIA1	1021	1022	L	1.0
COIA1	1255	1256	P	1.0
COIA1	1266	1267	G	1.0
COIA1	1354	1364	PPG	0.9
COIA1	1411	1413	SF	1.0
COIA1	1426	1427	P	1.0
COIA1	1436	1437	G	1.0
COJA1	418	429	PGP	0.818182
COKA1	1074	1080	GP	0.666667
COLQ	104	110	GP	0.666667
COMA1	729	731	SP	1.0
COMA1	744	752	P	0.625
CONA1	190	192	P	1.0
CONA1	327	333	PPG	1.0
CONA1	414	422	GP	0.75
COOA1	1468	1473	P	0.8
COPA1	195	196	P	1.0
COPA1	532	540	P	0.625
COQA1	316	320	GPR	0.75
COQA1	325	328	GTP	1.0
CORA1	638	646	PG	0.75
CPNS1	12	20	G	1.0
CPSF6	246	255	PP	0.888889
CPSF6	526	534	R	0.5
CPSF6	540	541	E	1.0
CPSF6	544	545	E	1.0
CRTC1	365	377	PP	1.0
CRX	96	98	QR	1.0
CS2IP	615	616	S	1.0
CS2IP	628	630	VA	1.0
CS2IP	636	637	S	1.0
CSKI1	1355	1359	P	0.75
CSRN3	383	388	D	1.0
CWC22	426	437	E	0.818182
CWC22	670	681	SS	0.909091
CWC22	689	698	SS	0.888889
CWC22	703	706	SSI	1.0
CWC25	176	191	KK	0.933333
CXD3	240	241	P	1.0
DAAM1	567	574	P	0.571429
DAAM1	582	583	L	1.0
DACH1	76	91	G	0.733333
DACH1	93	101	G	1.0
DAXX	445	446	E	1.0
DAZ1	21	26	AA	0.8
DAZ1	133	137	P	1.0
DC8L1	103	115	EEE	1.0
DDX3X	635	641	GG	1.0
DDX3Y	633	639	GG	1.0
DDX46	87	88	R	1.0
DESP	2837	2840	RSG	1.0
DHX36	38	39	G	1.0
DHX36	46	51	RG	0.8
DHX37	162	168	E	1.0
DIAP1	620	621	L	1.0
DIAP3	590	591	P	1.0
DIEXF	87	96	E	0.888889
DMKN	241	253	SG	0.5
DMKN	275	290	SS	0.666667
DMRTB	267	269	P	1.0
DMRTB	279	280	Q	1.0
DPOG1	44	45	Q	1.0
DPOG1	55	58	PQQ	1.0
DRIC1	116	126	D	0.9
DSPP	545	550	S	0.6
DSPP	575	580	S	0.8
DSPP	631	663	SDS	0.65625
DSPP	852	856	S	0.75
DSPP	860	861	S	1.0
DSPP	890	891	S	1.0
DSPP	927	930	NSS	1.0
DSPP	935	936	S	1.0
DSPP	1236	1237	S	1.0
DSPP	1261	1264	TSD	1.0
DTX3	141	151	PP	1.0
DUX4C	329	333	PP	1.0
E2F4	309	310	S	1.0
EAF1	191	196	S	0.8
ECM2	285	286	E	1.0
EDA	194	199	GP	0.8
EDA	208	209	P	1.0
EDA	223	232	GP	0.444444
EDC4	617	619	GS	1.0
EGR1	68	69	G	1.0
EGR1	76	80	S	0.75
EHMT2	323	326	DEE	1.0
EID2	81	83	A	1.0
EIF3C	216	228	ED	0.666667
EIFCL	216	228	ED	0.666667
ELN	302	304	A	1.0
ELN	311	316	KAA	0.6
ELN	445	446	A	1.0
ELN	506	520	GV	0.714286
ELN	695	699	A	0.75
EMID1	245	246	P	1.0
EMID1	259	260	A	1.0
EMID1	294	297	PPG	1.0
EMID1	299	303	GPM	0.75
EMID1	308	312	GPT	0.75
ENAH	364	371	P	0.857143
EPHB3	16	28	L	0.666667
EPIPL	2494	2506	A	0.5
EPIPL	2624	2626	A	1.0
EPIPL	2633	2635	R	1.0
ERFE	123	127	GPI	0.75
ERI6B	131	138	EE	0.857143
ERIP6	26	33	E	1.0
ERIP6	56	57	E	1.0
ESX1	340	344	P	0.75
ESX1	349	353	P	0.75
ESX1	358	362	P	0.75
ESX1	367	371	P	0.75
EVX2	294	298	A	1.0
EVX2	305	308	A	1.0
EVX2	370	374	SSA	0.75
EVX2	400	408	A	1.0
EVX2	413	415	G	1.0
EWS	474	483	GGP	1.0
F10A1	285	288	PGG	1.0
F133A	107	118	S	0.909091
F133B	108	119	S	0.909091
F157A	71	73	Q	1.0
F157C	73	75	Q	1.0
FA98A	473	475	AG	1.0
FA98B	333	338	G	0.6
FA98B	346	359	G	0.769231
FA98B	367	375	G	1.0
FA98B	381	386	G	0.8
FAM9A	246	253	EEG	0.857143
FAM9A	262	263	E	1.0
FBLL1	18	19	G	1.0
FBLL1	60	69	GRG	1.0
FBRL	35	47	RG	0.666667
FBRL	58	62	GG	1.0
FBSL	454	458	QH	1.0
FBSP1	27	37	G	0.5
FBX11	23	24	Q	1.0
FBX11	49	57	Q	0.875
FBX3	433	437	D	0.75
FHDC1	43	46	SPP	1.0
FILA2	483	490	S	0.571429
FILA2	499	503	GQS	0.75
FILA2	536	542	S	0.5
FILA2	545	547	HG	1.0
FILA2	554	558	GYG	0.75
FILA2	584	591	S	0.571429
FILA2	619	622	QHS	1.0
FILA2	629	633	GYG	0.75
FILA2	730	731	S	1.0
FILA2	736	743	S	0.571429
FILA2	774	781	S	0.714286
FILA2	979	982	GSG	1.0
FIP1	477	482	ER	0.8
FKBP8	37	38	E	1.0
FMN1	904	905	P	1.0
FMN1	912	916	PP	1.0
FMN2	225	227	LQ	1.0
FMN2	913	914	P	1.0
FMN2	921	925	P	1.0
FMN2	976	980	P	1.0
FMN2	987	991	P	1.0
FMN2	998	1002	P	1.0
FMN2	1009	1013	P	1.0
FMN2	1020	1024	P	1.0
FMN2	1031	1035	P	1.0
FMN2	1042	1046	P	1.0
FMN2	1053	1057	P	1.0
FMN2	1064	1068	P	1.0
FMN2	1075	1079	P	1.0
FMN2	1086	1090	P	1.0
FMN2	1097	1101	P	1.0
FMN2	1108	1112	P	1.0
FMN2	1119	1123	P	1.0
FMN2	1130	1134	P	1.0
FMN2	1141	1145	P	1.0
FMN2	1152	1156	P	1.0
FMN2	1163	1167	P	1.0
FMN2	1174	1178	P	1.0
FMN2	1186	1189	P	1.0
FMN2	1196	1200	P	1.0
FMN2	1207	1211	P	1.0
FMNL1	612	616	GGP	0.75
FMNL3	519	520	P	1.0
FMNL3	532	534	LP	1.0
FNBP4	907	908	P	1.0
FOXB2	143	152	H	0.777778
FOXB2	158	165	HH	0.571429
FOXB2	253	261	A	1.0
FOXD1	101	102	G	1.0
FOXD1	110	113	G	1.0
FOXG1	49	50	H	1.0
FOXG1	57	61	P	1.0
FOXG1	72	80	P	0.875
FOXJ2	297	298	P	1.0
FOXJ2	314	315	S	1.0
FOXJ2	318	321	Q	1.0
FOXK1	52	62	P	0.9
FOXK2	19	29	G	0.8
FOXP1	110	119	Q	0.666667
FOXP1	127	128	V	1.0
FOXP1	182	192	Q	0.6
FOXP2	102	111	Q	0.666667
FOXP2	150	152	LQ	1.0
FOXP2	218	220	Q	1.0
FOXP2	232	234	L	1.0
FOXP4	180	190	Q	0.6
FRAT1	12	14	E	1.0
FRAT1	18	22	E	1.0
FRM4A	809	819	AGG	0.9
FUBP1	17	18	G	1.0
FUBP2	19	20	G	1.0
FUBP2	31	32	P	1.0
FUBP2	42	44	G	1.0
FUBP2	53	57	SAG	0.75
FUCO2	15	16	L	1.0
FUCO2	21	25	P	1.0
FUS	245	256	G	0.727273
FUS	380	390	GRG	0.9
FUS	396	397	Y	1.0
FUS	409	410	F	1.0
FUS	492	503	G	0.545455
FX4L1	32	38	EDE	1.0
FX4L1	42	45	E	1.0
FX4L4	32	38	EDE	1.0
FX4L4	42	45	E	1.0
FX4L5	32	38	EDE	1.0
FX4L5	42	45	E	1.0
FXL17	219	221	CG	1.0
FXL17	231	234	PAG	1.0
FXL19	327	337	SD	0.8
FZD8	349	371	AG	0.636364
G5E9R7	108	129	CC	0.571429
GABR2	14	20	P	1.0
GAR1	172	194	GG	0.909091
GATA6	183	185	S	1.0
GG6L2	777	782	AGG	0.6
GG6L2	791	794	AGG	1.0
GG6L2	798	800	AG	1.0
GG6L2	815	817	ED	1.0
GG6L2	821	829	G	0.5
GG6L2	835	843	G	0.5
GG6L3	197	199	E	1.0
GG6L3	339	342	LEE	1.0
GG6L3	351	355	RQE	0.75
GG6L3	359	368	E	0.444444
GG6L3	377	381	RQE	0.75
GG6L3	385	392	L	0.428571
GG6L7	282	283	E	1.0
GG6LA	197	199	E	1.0
GG6LA	332	335	LEE	1.0
GG6LA	344	348	RQE	0.75
GG6LA	352	359	ER	0.571429
GG6LA	363	366	ELL	1.0
GGYF2	1215	1226	Q	0.545455
GLIS3	292	306	PP	1.0
GLU2B	315	316	E	1.0
GLU2B	325	336	E	0.727273
GOG7B	146	161	SS	0.666667
GOGA2	706	715	E	0.888889
GRWD1	126	136	EE	1.0
GSE1	340	341	R	1.0
GSE1	354	366	ERE	1.0
GSE1	374	384	ERE	0.9
GSK3A	35	38	PGG	1.0
GSK3A	70	79	GG	0.888889
GSLG1	74	75	Q	1.0
GSLG1	84	88	P	0.75
GZF1	300	306	E	1.0
H12	148	159	K	0.545455
H14	121	129	A	0.5
H14	148	166	K	0.388889
H14	208	210	AK	1.0
H15	124	133	K	0.444444
H15	215	220	AK	0.8
HCN2	22	24	P	1.0
HCN2	31	34	Q	1.0
HCN2	44	46	PG	1.0
HD	38	39	P	1.0
HDC	33	44	A	0.545455
HDC	61	74	GA	0.615385
HDGR2	256	257	S	1.0
HDGR2	264	267	DSD	1.0
HEG1	14	25	L	0.727273
HEG1	660	661	S	1.0
HGB1A	209	210	D	1.0
HLX	126	139	Q	0.769231
HME1	208	210	VA	1.0
HME2	94	105	G	0.727273
HMGB1	186	212	EE	0.846154
HMGB2	196	201	ED	0.8
HMGB3	189	198	E	1.0
HMX3	61	63	A	1.0
HNF6	134	138	HH	1.0
HNRH1	237	243	GGY	1.0
HNRH2	237	241	G	0.75
HNRL1	710	715	P	1.0
HNRL2	87	89	AL	1.0
HNRPL	74	79	G	1.0
HNRPQ	454	456	GY	1.0
HNRPQ	560	563	VGG	1.0
HNRPR	456	465	Y	0.444444
HNRPR	568	571	VGG	1.0
HOMEZ	529	530	E	1.0
HOMEZ	537	542	D	1.0
HORN	238	242	GQS	0.75
HORN	248	255	S	0.571429
HORN	258	259	Q	1.0
HORN	276	277	S	1.0
HORN	282	286	YGQ	0.75
HORN	287	290	SGS	1.0
HORN	313	314	S	1.0
HORN	321	324	HGQ	1.0
HORN	326	327	S	1.0
HORN	353	359	S	0.5
HORN	365	373	S	0.625
HORN	392	399	SS	0.857143
HORN	482	489	S	0.571429
HORN	492	493	Q	1.0
HORN	516	519	YGQ	1.0
HORN	521	524	SGS	1.0
HORN	576	581	GSG	0.6
HORN	602	608	S	0.666667
HORN	638	640	HG	1.0
HORN	645	647	S	1.0
HORN	657	660	QSP	1.0
HORN	679	685	SG	0.666667
HORN	707	708	G	1.0
HORN	710	711	S	1.0
HORN	717	722	S	0.6
HORN	783	788	S	0.6
HORN	790	794	HGQ	0.75
HORN	795	799	SGT	0.75
HORN	851	854	S	1.0
HORN	859	866	SS	0.857143
HORN	883	888	GS	0.8
HORN	897	901	SG	1.0
HORN	909	910	G	1.0
HORN	920	923	RHG	1.0
HORN	930	932	GF	1.0
HORN	948	956	S	0.625
HORN	972	975	HGS	1.0
HORN	982	986	YGQ	0.75
HORN	987	990	SGS	1.0
HORN	1000	1010	SPS	0.6
HORN	1015	1023	S	0.625
HORN	1032	1036	SS	1.0
HORN	1068	1074	S	0.666667
HORN	1101	1103	HG	1.0
HORN	1106	1109	SGS	1.0
HORN	1113	1117	GYG	0.75
HORN	1119	1123	SG	1.0
HORN	1145	1154	S	0.666667
HORN	1172	1179	SS	0.857143
HORN	1184	1191	S	0.571429
HORN	1211	1217	SS	1.0
HORN	1236	1240	SG	1.0
HORN	1261	1262	G	1.0
HORN	1270	1273	RGP	1.0
HORN	1340	1347	S	0.714286
HORN	1365	1366	G	1.0
HORN	1374	1377	YGQ	1.0
HORN	1378	1379	G	1.0
HORN	1388	1392	GRH	0.75
HORN	1399	1401	GF	1.0
HORN	1442	1445	HGS	1.0
HORN	1452	1456	YGQ	0.75
HORN	1457	1460	SGS	1.0
HORN	1470	1480	SPS	0.6
HORN	1484	1485	G	1.0
HORN	1493	1498	YSP	0.6
HORN	1506	1509	RGP	1.0
HORN	1512	1513	G	1.0
HORN	1514	1515	S	1.0
HORN	1538	1544	S	0.666667
HORN	1565	1571	S	0.666667
HORN	1579	1583	S	0.75
HORN	1589	1593	SG	1.0
HORN	1681	1683	S	1.0
HORN	1687	1688	R	1.0
HORN	1689	1691	GQ	1.0
HORN	1693	1697	SGS	0.75
HORN	1808	1810	HG	1.0
HORN	1818	1823	YGQ	0.6
HORN	1827	1830	QSP	1.0
HORN	1836	1844	S	0.625
HORN	1849	1858	S	0.666667
HORN	1862	1869	S	0.571429
HORN	1917	1922	S	0.8
HORN	1927	1930	SGS	1.0
HORN	2035	2041	S	0.666667
HORN	2049	2053	S	0.75
HORN	2059	2063	SG	1.0
HORN	2151	2157	SS	1.0
HORN	2176	2180	SG	1.0
HORN	2189	2197	S	0.625
HORN	2202	2210	S	0.625
HORN	2280	2288	S	0.75
HORN	2293	2297	SG	1.0
HORN	2306	2314	S	0.625
HORN	2319	2328	S	0.666667
HORN	2332	2339	S	0.571429
HORN	2385	2392	S	0.857143
HORN	2397	2400	SGS	1.0
HORN	2410	2420	SPS	0.6
HORN	2425	2433	S	0.625
HORN	2438	2446	S	0.625
HORN	2452	2455	GSG	1.0
HORN	2478	2484	S	0.666667
HORN	2505	2511	S	0.666667
HORN	2519	2523	S	0.75
HORN	2529	2533	SG	1.0
HORN	2777	2784	S	0.571429
HORN	2789	2796	S	0.571429
HRG	382	407	H	0.6
HS90A	243	251	EK	0.75
HS90A	267	270	EKK	1.0
HS90A	274	275	K	1.0
HSPB7	19	25	S	1.0
HXA10	44	56	G	0.916667
HXA10	141	149	PP	1.0
HXA13	51	55	G	0.75
HXA13	133	137	SS	1.0
HXA3	102	107	QP	0.8
HXA3	117	121	PP	1.0
HXB3	164	169	SG	0.8
HXB4	74	75	P	1.0
HXD11	81	88	G	0.571429
HXD11	98	102	G	0.75
HXD11	120	123	EEA	1.0
HXD4	224	230	S	1.0
HXD9	131	132	G	1.0
I2BPL	90	91	A	1.0
I2BPL	102	103	Q	1.0
IASPP	410	428	QPQ	0.833333
IBP2	17	25	L	0.875
ID4	40	48	A	1.0
IF2P	543	547	DEE	0.75
IF2P	548	554	E	1.0
IF2P	554	559	GES	0.6
IF4G1	460	471	EEE	0.818182
INT3	19	31	GGG	1.0
IQEC2	1239	1247	H	1.0
IQEC3	74	85	PA	0.545455
IQEC3	88	90	RA	1.0
IRS4	126	133	A	1.0
IRS4	630	631	P	1.0
IRX3	62	70	A	1.0
ITA5	28	37	LLL	1.0
JCAD	859	861	E	1.0
JIP2	95	96	E	1.0
JIP2	472	480	EE	1.0
JMJD6	355	359	DS	1.0
JMY	812	813	P	1.0
JUND	158	166	A	1.0
K0040	68	75	K	1.0
K1C10	116	126	G	0.8
K1C10	462	468	G	0.666667
K1C10	472	478	GG	0.666667
K1C10	483	491	GG	1.0
K1C10	492	504	GG	0.666667
K1C10	527	531	G	0.75
K1C10	557	565	GG	0.75
K1C13	58	62	SGF	0.75
K1C13	69	77	GG	1.0
K1C14	85	91	GG	1.0
K1C14	110	111	L	1.0
K1C15	98	100	GL	1.0
K1C16	83	87	G	0.75
K1C16	89	94	LGA	0.6
K1C9	510	513	GSR	1.0
K1C9	517	521	GSY	0.75
K1C9	538	542	GG	1.0
K1C9	562	573	G	0.727273
K1C9	589	590	S	1.0
K22E	50	57	G	0.857143
K22E	110	122	GG	1.0
K22E	607	608	S	1.0
K22E	611	615	YGS	0.75
K22O	130	134	PGV	0.75
K22O	149	154	G	0.6
K2C1	115	122	GG	0.857143
K2C1	140	142	G	1.0
K2C1	524	527	YGS	1.0
K2C1	528	531	GSS	1.0
K2C1	564	569	SYG	0.6
K2C1	574	577	HGS	1.0
K2C3	118	120	FG	1.0
K2C3	141	143	GF	1.0
K2C3	164	169	G	0.6
K2C5	124	128	G	0.75
K2C5	129	132	PGF	1.0
K2C5	509	529	GG	0.8
K2C6A	99	105	G	0.666667
K2C6A	120	124	G	0.75
K2C6B	99	105	G	0.666667
K2C6B	120	124	G	0.75
K2C6C	99	105	G	0.666667
K2C6C	120	124	G	0.75
KAT2A	44	46	AP	1.0
KAT6A	1678	1685	Q	0.571429
KAT6A	1700	1701	P	1.0
KAT6B	1071	1078	E	0.857143
KAT6B	1089	1091	DE	1.0
KAT6B	1368	1373	E	0.8
KCMA1	21	22	S	1.0
KCNA4	125	128	EDE	1.0
KCNN3	41	46	P	0.8
KCNN3	80	82	P	1.0
KCNQ3	16	24	G	0.875
KDM1A	9	10	A	1.0
KDM6B	248	252	P	0.75
KDM6B	754	762	T	1.0
KIBRA	857	868	E	0.818182
KIF3B	398	406	E	0.75
KIF3C	272	282	G	0.8
KLD10	22	24	G	1.0
KLD10	28	35	GGS	0.857143
KLH11	5	7	VA	1.0
KLHL1	81	88	S	0.857143
KMT2A	85	90	S	0.8
KMT2A	96	98	S	1.0
KMT2B	413	420	P	0.857143
KMT2B	444	448	P	1.0
KMT2B	622	629	P	0.857143
KMT2D	445	446	E	1.0
KMT2D	451	455	PPE	0.75
KMT2D	496	500	PPE	0.75
KMT2D	505	510	PPE	0.6
KMT2D	574	578	PPE	0.75
KMT2D	583	587	PPE	0.75
KMT2D	3736	3738	Q	1.0
KMT2D	3745	3748	HLL	1.0
KMT2D	3965	3974	Q	0.888889
KR102	162	167	CQQ	0.6
KR106	169	186	S	0.411765
KR107	169	177	S	0.5
KR107	183	186	SPC	1.0
KR10B	165	173	S	0.5
KR10C	131	136	CQQ	0.6
KR171	50	62	SCC	0.5
KR171	78	80	SC	1.0
KR171	81	86	GSS	0.6
KR191	16	24	G	0.625
KR191	42	47	GY	0.8
KR191	49	53	FGS	0.75
KR191	56	60	SGF	0.75
KR191	65	69	SGF	0.75
KR193	9	10	G	1.0
KR193	16	29	G	0.538462
KR193	47	51	SGF	0.75
KR193	56	60	SGF	0.75
KR193	65	66	C	1.0
KR194	16	30	G	0.571429
KR195	38	44	GGY	1.0
KR196	16	20	G	0.75
KR196	24	28	CG	1.0
KR197	16	26	G	0.5
KR211	15	16	C	1.0
KR412	145	166	C	0.47619
KR510	13	25	GCG	0.75
KR510	34	43	C	0.444444
KR511	3	13	G	0.5
KR511	23	27	CGS	0.75
KR511	57	72	GS	0.533333
KR511	110	135	CC	0.48
KRA13	70	71	C	1.0
KRA45	79	81	C	1.0
KRA45	95	97	C	1.0
KRA51	3	4	C	1.0
KRA51	44	55	CC	0.545455
KRA51	68	73	CGS	0.6
KRA51	78	83	CG	0.8
KRA51	88	93	CG	0.8
KRA51	98	103	CG	0.8
KRA51	108	113	CG	0.8
KRA51	118	122	CGS	0.75
KRA51	131	145	CC	0.571429
KRA51	147	151	S	0.75
KRA51	152	163	G	0.454545
KRA51	251	261	SCC	0.6
KRA52	11	13	SG	1.0
KRA52	23	27	CGS	0.75
KRA52	32	43	G	0.545455
KRA52	130	140	SCC	0.6
KRA53	8	23	CG	0.533333
KRA53	57	62	G	0.6
KRA53	71	76	G	0.6
KRA53	81	91	G	0.4
KRA53	182	192	SCC	0.6
KRA54	4	13	G	0.555556
KRA54	73	80	G	0.571429
KRA54	85	90	G	0.6
KRA54	95	100	G	0.6
KRA54	105	110	G	0.6
KRA54	115	120	G	0.6
KRA54	125	130	G	0.6
KRA54	155	160	G	0.6
KRA54	165	170	G	0.6
KRA54	175	180	G	0.6
KRA54	185	190	G	0.6
KRA54	201	209	C	0.5
KRA54	213	228	S	0.4
KRA54	232	240	SCC	0.75
KRA54	247	257	S	0.4
KRA54	261	271	SCC	0.6
KRA55	11	20	G	0.555556
KRA55	49	50	S	1.0
KRA55	58	63	GSG	0.6
KRA55	113	118	G	0.6
KRA55	123	128	G	0.6
KRA55	133	138	G	0.6
KRA55	143	148	G	0.6
KRA55	157	167	CC	0.6
KRA55	171	179	SCC	0.75
KRA56	3	13	G	0.5
KRA56	64	69	G	0.6
KRA56	74	79	G	0.6
KRA56	102	112	SCC	0.6
KRA57	109	119	SCC	0.6
KRA58	13	29	GCG	0.5625
KRA58	102	112	SCC	0.6
KRA59	8	14	GCG	0.5
KRA59	66	71	G	0.6
KRA59	82	90	C	0.5
KRA59	94	97	SCC	1.0
KRA59	111	119	SS	0.5
KRA59	123	138	S	0.4
KRA59	142	152	SCC	0.6
KRA63	17	22	G	0.6
LARP1	340	341	G	1.0
LARP1	353	354	G	1.0
LAS1L	591	603	E	0.583333
LATS2	480	481	A	1.0
LC7L2	306	315	SRS	1.0
LC7L3	257	269	ERE	1.0
LC7L3	319	325	R	0.666667
LC7L3	335	336	H	1.0
LCE1A	10	14	PP	1.0
LCE1A	30	44	PKC	0.428571
LCE1C	44	58	S	0.428571
LCE1C	62	76	GG	0.571429
LCE1D	10	14	PP	1.0
LCE1D	37	55	S	0.388889
LCE1D	70	72	C	1.0
LCE1E	10	14	PP	1.0
LCE1E	30	44	PKC	0.428571
LCE1E	58	62	SCG	0.75
LCE1F	10	14	PP	1.0
LCE1F	30	47	PKC	0.352941
LCE2A	7	12	Q	0.6
LCE2A	26	28	KC	1.0
LCE2A	49	68	GCC	0.473684
LCE2B	7	18	PP	0.545455
LCE2B	25	30	P	0.6
LCE2C	7	18	PP	0.545455
LCE2C	25	34	PKC	0.666667
LCE2C	46	58	CCG	0.5
LCE2D	7	18	PP	0.545455
LCE2D	25	34	PKC	0.666667
LCE2D	45	72	G	0.333333
LCE5A	7	14	PP	0.571429
LCE5A	29	38	PKC	0.666667
LCE5A	58	63	CCS	0.6
LCE5A	64	67	GGC	1.0
LIN7A	226	229	TQQ	1.0
LIRB1	473	474	L	1.0
LIRB2	473	474	L	1.0
LIX1L	42	55	P	0.846154
LMOD2	433	435	S	1.0
LMOD3	148	157	D	0.666667
LORI	23	33	G	0.9
LORI	69	80	G	0.818182
LORI	100	105	SGC	0.6
LORI	110	115	SGC	0.6
LORI	125	130	SGC	0.6
LORI	140	145	SGC	0.6
LORI	150	152	FS	1.0
LORI	173	178	SGC	0.6
LORI	184	185	S	1.0
LORI	238	240	GC	1.0
LRC4B	467	477	GG	0.8
LRCH2	8	19	GG	0.909091
LRCH2	24	25	C	1.0
LRCH2	31	32	G	1.0
LTBP3	26	35	L	1.0
LUR1L	58	61	CSS	1.0
M3K4	36	38	EP	1.0
M3K4	1199	1202	VAA	1.0
M3K9	38	42	A	1.0
MAF	238	242	A	0.75
MAGC1	308	313	S	1.0
MAGC1	483	489	S	1.0
MAGC1	815	820	S	0.6
MAML2	590	591	Q	1.0
MAML2	621	623	S	1.0
MAML2	665	668	PSS	1.0
MAML3	486	487	Q	1.0
MAML3	650	654	P	1.0
MAP7	433	447	APA	0.857143
MAZ	108	113	AA	0.8
MAZ	448	451	VAA	1.0
MBD2	77	79	RG	1.0
MBD2	96	97	P	1.0
MBD2	112	119	G	0.857143
MBTP2	114	115	S	1.0
MDEAS	250	260	Q	0.9
MED12	2053	2054	Q	1.0
MED12	2115	2123	Q	0.875
MED15	173	174	Q	1.0
MED15	180	188	Q	1.0
MED15	207	208	Q	1.0
MEF2A	430	431	P	1.0
MEF2A	442	446	QP	1.0
MEF2D	368	404	QPQ	0.666667
MEOX2	80	84	Q	1.0
MESP2	179	180	Q	1.0
MEX3C	22	23	P	1.0
MEX3C	31	35	PP	1.0
MEX3D	20	23	VGA	1.0
MICA3	994	1000	E	1.0
MICLK	458	459	P	1.0
MIER1	94	98	GED	0.75
MINT	291	302	S	0.818182
MMPOS	40	41	Q	1.0
MMPOS	50	51	E	1.0
MMTA2	198	204	KK	1.0
MN1	306	309	Q	1.0
MN1	348	365	PP	0.705882
MN1	524	525	Q	1.0
MN1	772	783	G	0.818182
MNX1	134	136	G	1.0
MPRIP	181	189	S	1.0
MSH3	66	67	P	1.0
MUC12	858	865	T	0.428571
MUC12	1023	1028	S	0.6
MUC12	1051	1057	S	0.666667
MUC17	3203	3206	STT	1.0
MUC19	6984	6996	TT	0.833333
MUC19	7061	7063	GT	1.0
MUC19	7110	7114	SLG	0.75
MUC2	1410	1416	T	0.833333
MUC2	1442	1444	T	1.0
MUC2	1461	1462	T	1.0
MUC2	1500	1505	SPP	0.6
MUC2	1545	1549	PIT	0.75
MUC2	1587	1591	PPT	0.75
MUC2	1592	1594	T	1.0
MUC2	1624	1628	PIT	0.75
MUC2	1685	1687	T	1.0
MUC2	1695	1697	MT	1.0
MUC2	1698	1699	P	1.0
MUC2	1702	1707	TTP	0.6
MUC2	1734	1746	TT	0.666667
MUC2	1914	1920	T	0.5
MUC2	1937	1943	T	0.5
MUC2	1960	1966	T	0.5
MUC2	1983	1989	T	0.5
MUC2	2006	2012	T	0.5
MUC2	2029	2035	T	0.5
MUC2	2052	2058	T	0.5
MUC2	2075	2081	T	0.5
MUC2	2098	2104	T	0.5
MUC2	2121	2127	T	0.5
MUC2	2144	2150	T	0.5
MUC2	2167	2173	T	0.5
MUC2	2190	2196	T	0.5
MUC2	2213	2219	T	0.5
MUC2	2236	2242	T	0.5
MUC2	2259	2265	T	0.5
MUC2	2282	2288	T	0.5
MUC2	2305	2311	T	0.5
MUC2	2328	2334	T	0.5
MUC2	2351	2357	T	0.5
MUC2	2374	2380	T	0.5
MUC2	2397	2403	T	0.5
MUC2	2420	2426	T	0.5
MUC2	2443	2449	T	0.5
MUC2	2466	2472	T	0.5
MUC2	2489	2495	T	0.5
MUC2	2512	2518	T	0.5
MUC2	2535	2541	T	0.5
MUC2	2558	2564	T	0.5
MUC2	2581	2587	T	0.5
MUC2	2604	2610	T	0.5
MUC2	2627	2633	T	0.5
MUC2	2650	2656	T	0.5
MUC2	2673	2679	T	0.5
MUC2	2696	2702	T	0.5
MUC2	2719	2725	T	0.5
MUC2	2742	2748	T	0.5
MUC2	2765	2771	T	0.5
MUC2	2788	2794	T	0.5
MUC2	2811	2817	T	0.5
MUC2	2834	2840	T	0.5
MUC2	2857	2863	T	0.5
MUC2	2880	2886	T	0.5
MUC2	2903	2909	T	0.5
MUC2	2926	2932	T	0.5
MUC2	2949	2955	T	0.5
MUC2	2972	2978	T	0.5
MUC2	2995	2996	G	1.0
MUC2	3001	3006	T	0.6
MUC2	3018	3024	T	0.5
MUC2	3041	3047	T	0.5
MUC2	3064	3070	T	0.5
MUC2	3087	3093	T	0.5
MUC2	3110	3116	T	0.5
MUC2	3133	3139	T	0.5
MUC2	3156	3162	T	0.5
MUC2	3179	3185	T	0.5
MUC2	3202	3208	T	0.5
MUC2	3225	3231	T	0.5
MUC2	3248	3254	T	0.5
MUC2	3271	3277	T	0.5
MUC2	3294	3300	T	0.5
MUC2	3317	3323	T	0.5
MUC2	3340	3346	T	0.5
MUC2	3363	3369	T	0.5
MUC2	3386	3392	T	0.5
MUC2	3409	3415	T	0.5
MUC2	3432	3438	T	0.5
MUC2	3455	3461	T	0.5
MUC2	3478	3484	T	0.5
MUC2	3501	3507	T	0.5
MUC2	3524	3530	T	0.5
MUC2	3547	3553	T	0.5
MUC2	3570	3576	T	0.5
MUC2	3593	3599	T	0.5
MUC2	3616	3622	T	0.5
MUC2	3639	3645	T	0.5
MUC2	3662	3668	T	0.5
MUC2	3685	3691	T	0.5
MUC2	3708	3714	T	0.5
MUC2	3731	3737	T	0.5
MUC2	3754	3760	T	0.5
MUC2	3777	3783	T	0.5
MUC2	3800	3806	T	0.5
MUC2	3823	3829	T	0.5
MUC2	3846	3852	T	0.5
MUC2	3869	3875	T	0.5
MUC2	3892	3898	T	0.5
MUC2	3915	3921	T	0.5
MUC2	3938	3944	T	0.5
MUC2	3961	3967	T	0.5
MUC2	3984	3990	T	0.5
MUC2	4007	4013	T	0.5
MUC2	4030	4036	T	0.5
MUC2	4053	4059	T	0.5
MUC2	4076	4082	T	0.5
MUC2	4099	4105	T	0.5
MUC2	4122	4128	T	0.5
MUC2	4145	4151	T	0.5
MUC2	4168	4174	T	0.5
MUC2	4191	4192	G	1.0
MUC22	595	601	T	0.666667
MUC22	799	801	T	1.0
MUC22	805	808	T	1.0
MUC22	873	875	ET	1.0
MUC22	887	891	AST	0.75
MUC22	895	901	T	0.666667
MUC22	959	964	TGS	0.6
MUC22	967	974	STE	0.428571
MUC22	1012	1014	ET	1.0
MUC22	1090	1094	GSE	0.75
MUC22	1098	1108	T	0.4
MUC22	1120	1122	ES	1.0
MUC22	1124	1130	TT	1.0
MUC22	1139	1145	TEG	0.5
MUC22	1148	1158	T	0.4
MUC22	1166	1171	T	0.6
MUC22	1265	1271	T	0.666667
MUC22	1285	1288	TTV	1.0
MUC22	1304	1305	T	1.0
MUC22	1308	1315	STE	0.428571
MUC22	1318	1321	STT	1.0
MUC22	1382	1391	TT	0.666667
MUC3A	764	770	TT	1.0
MUC3A	1517	1519	T	1.0
MUC3A	1523	1536	S	0.384615
MUC3A	1984	1985	T	1.0
MUC3A	2360	2368	TT	0.75
MUC3A	2376	2379	SSI	1.0
MUC3A	2747	2750	LTT	1.0
MUC3B	661	664	LTT	1.0
MUC5A	2252	2256	TTL	0.75
MUC5A	2259	2262	TTS	1.0
MUC5A	2329	2334	TS	0.8
MUC5A	2339	2341	T	1.0
MUC5A	2361	2374	TTS	0.692308
MUC5A	2379	2386	TT	0.857143
MUC5A	2400	2401	T	1.0
MUC5A	2422	2426	APT	0.75
MUC5A	2426	2431	S	0.6
MUC5A	2441	2446	TS	0.8
MUC5A	2457	2469	T	0.583333
MUC5A	2474	2477	STT	1.0
MUC5A	2481	2486	TS	0.8
MUC5A	2554	2566	TTS	0.75
MUC5A	2577	2590	TTS	0.692308
MUC5A	2654	2656	GP	1.0
MUC5A	2658	2660	TP	1.0
MUC5A	2672	2673	T	1.0
MUC5A	2694	2697	GPG	1.0
MUC5A	2704	2705	T	1.0
MUC5A	2722	2725	STI	1.0
MUC5A	2726	2727	A	1.0
MUC5A	2746	2747	R	1.0
MUC5A	2784	2785	T	1.0
MUC5A	2806	2808	AP	1.0
MUC5A	2813	2825	T	0.416667
MUC5A	2830	2834	GPG	0.75
MUC5A	2861	2866	SVP	0.6
MUC5A	2878	2884	GPG	0.5
MUC5A	2888	2889	T	1.0
MUC5A	2901	2905	SAP	0.75
MUC5A	2918	2922	APT	0.75
MUC5A	2930	2934	STI	0.75
MUC5A	2961	2974	STT	0.692308
MUC5A	3017	3021	T	0.75
MUC5A	3024	3025	T	1.0
MUC5A	3038	3042	TPT	0.75
MUC5A	3047	3054	TS	0.571429
MUC5A	3073	3075	TS	1.0
MUC5A	3090	3094	STI	0.75
MUC5A	3096	3097	T	1.0
MUC5A	3110	3115	AS	0.8
MUC5A	3129	3131	TS	1.0
MUC5A	3143	3146	STA	1.0
MUC5A	3172	3187	T	0.466667
MUC5A	3202	3205	STS	1.0
MUC5A	3368	3372	TPQ	0.75
MUC5A	3402	3406	QTS	0.75
MUC5A	3411	3412	S	1.0
MUC5A	3415	3423	S	0.375
MUC5A	3432	3435	APT	1.0
MUC5A	3466	3470	QTS	0.75
MUC5A	3471	3476	SAA	0.6
MUC5A	3500	3507	S	0.428571
MUC5A	3661	3664	SSI	1.0
MUC5A	3673	3677	SAP	0.75
MUC5A	3681	3683	PA	1.0
MUC5A	3689	3690	S	1.0
MUC5A	3716	3718	QT	1.0
MUC5A	3719	3720	T	1.0
MUC5A	3724	3726	TS	1.0
MUC5A	3729	3737	T	0.375
MUC5A	3748	3749	T	1.0
MUC5A	3754	3762	T	0.375
MUC5A	3763	3765	PT	1.0
MUC5A	3770	3772	PT	1.0
MUC5A	3774	3775	T	1.0
MUC5A	3776	3780	SAP	0.75
MUC5A	3785	3786	A	1.0
MUC5A	3793	3796	APT	1.0
MUC5A	3801	3809	T	0.375
MUC5A	3810	3813	PTT	1.0
MUC5A	3817	3821	TPQ	0.75
MUC5A	3851	3855	QTS	0.75
MUC5A	3861	3864	STT	1.0
MUC5A	3876	3884	T	0.5
MUC5A	3884	3887	TST	1.0
MUC5A	3897	3902	TPQ	0.6
MUC5A	4099	4114	T	0.466667
MUC5A	4122	4126	SAP	0.75
MUC5A	4139	4143	APT	0.75
MUC5A	4145	4150	TSG	0.6
MUC5A	4154	4158	LAP	0.75
MUC5A	4167	4170	STN	1.0
MUC5A	4174	4186	ST	0.5
MUC5A	4190	4195	TST	0.6
MUC5A	4202	4209	STP	0.428571
MUC5A	4215	4224	T	0.444444
MUC5A	4262	4264	TS	1.0
MUC5A	4272	4282	T	0.6
MUC5A	4351	4370	T	0.473684
MUC5A	4382	4402	T	0.5
MUC5A	4414	4428	T	0.5
MUC5A	4429	4432	TAS	1.0
MUC5A	4446	4455	STT	0.666667
MUC5B	1899	1901	TP	1.0
MUC5B	1943	1945	T	1.0
MUC5B	2027	2030	T	1.0
MUC5B	2107	2111	T	1.0
MUC5B	2132	2139	TT	0.857143
MUC5B	2146	2148	TN	1.0
MUC5B	2162	2168	TT	1.0
MUC5B	2440	2446	TT	1.0
MUC5B	2500	2502	T	1.0
MUC5B	2581	2582	T	1.0
MUC5B	2584	2586	T	1.0
MUC5B	2587	2593	GAT	0.5
MUC5B	2664	2668	T	1.0
MUC5B	2712	2719	P	0.428571
MUC5B	2725	2726	P	1.0
MUC5B	2997	2998	T	1.0
MUC5B	3041	3042	S	1.0
MUC5B	3147	3154	T	0.428571
MUC5B	3281	3284	T	1.0
MUC5B	3285	3287	T	1.0
MUC5B	3393	3396	ATT	1.0
MUC5B	3403	3408	TNP	0.6
MUC5B	3697	3698	T	1.0
MUC5B	3833	3838	STV	0.6
MUC5B	3844	3848	RAT	0.75
MUC5B	3867	3871	T	1.0
MUC5B	3893	3899	TT	1.0
MUC5B	3949	3952	TAT	1.0
MUC5B	3960	3962	TN	1.0
MUC5B	4254	4260	TT	1.0
MUC5B	4298	4300	S	1.0
MUC5B	4373	4377	RAT	0.75
MUC5B	4379	4383	STP	0.75
MUC5B	4384	4387	TPG	1.0
MUC5B	4396	4404	TAA	0.75
MUC5B	4425	4431	TT	1.0
MUC5B	4620	4621	T	1.0
MUC7	177	187	APP	0.6
MUC7	211	222	T	0.363636
MUC7	229	233	APP	0.75
MUC7	291	297	P	0.5
MY15B	1012	1015	QEE	1.0
MYL1	31	32	K	1.0
MYL4	17	18	A	1.0
MYL4	31	32	E	1.0
MYT1	261	262	E	1.0
MYT1	273	275	DE	1.0
MYT1L	152	153	E	1.0
NACAM	1266	1272	P	0.5
NADAP	648	649	E	1.0
NADAP	658	661	KEK	1.0
NAF1	471	481	P	0.9
NBEA	27	39	GGG	1.0
NBPF1	1105	1115	R	0.4
NBPF1	1118	1119	R	1.0
NBPF9	829	834	KG	0.8
NBPF9	847	849	GR	1.0
NBPF9	1003	1013	R	0.4
NBPFC	1097	1100	IEK	1.0
NBPFC	1118	1123	GRK	0.6
NBPFC	1349	1362	RR	0.615385
NBPFF	563	576	RR	0.615385
NBPFJ	558	563	KG	0.8
NBPFJ	573	576	R	1.0
NBPFJ	807	820	RR	0.615385
NBPFJ	1051	1064	RR	0.615385
NBPFJ	1295	1308	RR	0.615385
NBPFK	211	214	IEK	1.0
NBPFK	229	232	R	1.0
NBPFK	458	476	RR	0.444444
NBPFK	702	720	RR	0.444444
NBPFK	946	964	RR	0.444444
NBPFK	1190	1208	RR	0.444444
NBPFK	1922	1940	RR	0.444444
NBPFK	2166	2184	RR	0.444444
NBPFK	2410	2428	RR	0.444444
NBPFK	3874	3892	RR	0.444444
NBPFK	4118	4136	RR	0.444444
NBPFK	4362	4380	RR	0.444444
NBPFK	5094	5112	RR	0.444444
NBR1	706	714	EE	1.0
NCBP3	346	347	E	1.0
NCKX1	860	862	E	1.0
NCKX1	868	879	E	0.818182
NCOA6	1014	1018	P	1.0
NCOA6	1024	1032	Q	1.0
NCOR2	1798	1811	RDR	0.692308
NDF1	75	78	D	1.0
NELFE	242	243	E	1.0
NEUL4	6	25	GG	0.736842
NF2L1	497	498	S	1.0
NF2L1	509	513	SS	1.0
NFH	483	493	EE	1.0
NFL	487	499	EE	0.833333
NFM	528	539	E	0.818182
NGEF	218	226	E	1.0
NKD2	439	447	H	1.0
NKX12	242	251	G	0.888889
NKX61	59	63	P	0.75
NKX61	124	138	SS	0.857143
NKX61	150	152	S	1.0
NOL3	168	174	PE	1.0
NOL3	178	181	AEA	1.0
NONO	32	36	QQ	1.0
NOTC2	8	13	L	0.6
NOTC4	8	16	L	1.0
NP1L3	50	54	TSG	0.75
NP1L3	65	68	GST	1.0
NPAS3	772	777	G	0.8
NPM	168	182	DD	1.0
NPM2	148	149	E	1.0
NR4A3	97	98	H	1.0
NR4A3	108	111	Q	1.0
NRDC	146	155	EEE	1.0
NRG2	655	656	P	1.0
NUCB1	13	21	L	0.875
NUCL	157	168	ED	0.909091
NUCL	189	204	DD	0.8
NUCL	238	241	EED	1.0
NUCL	661	668	G	0.714286
NUCL	684	685	G	1.0
NUCL	686	698	GG	0.833333
NUMBL	429	430	Q	1.0
O10H1	32	33	L	1.0
O10H2	29	33	L	0.75
O10H5	29	33	L	0.75
OCLN	117	130	YG	0.923077
ONEC2	169	170	P	1.0
ONEC3	64	69	AG	0.8
ONEC3	217	224	P	1.0
OS9	417	418	D	1.0
OTOF	1971	1979	L	1.0
OTX1	146	149	ANP	1.0
OTX1	294	301	H	1.0
P121A	175	182	PP	0.857143
P4R3A	769	783	GSP	0.857143
PABP2	3	11	A	1.0
PAIRB	369	380	RGG	0.818182
PAXI1	506	510	HQL	0.75
PAXI1	513	517	LAQ	0.75
PAXI1	527	536	Q	0.888889
PBX1	123	127	GGS	0.75
PBX1	135	138	SGG	1.0
PBX2	133	136	GGS	1.0
PBX2	145	148	SGG	1.0
PCD15	1436	1443	P	1.0
PCDA1	923	930	K	1.0
PCDA2	921	928	K	1.0
PCDA3	923	930	K	1.0
PCDA4	920	927	K	1.0
PCDA5	909	916	K	1.0
PCDA6	923	930	K	1.0
PCDA7	910	917	K	1.0
PCDA8	923	930	K	1.0
PCDA9	923	930	K	1.0
PCDAA	921	928	K	1.0
PCDAB	922	929	K	1.0
PCDAC	914	921	K	1.0
PCDAD	923	930	K	1.0
PCDC1	936	943	K	1.0
PCDC2	26	28	PL	1.0
PCDC2	980	987	K	1.0
PCGF6	82	91	EEE	1.0
PCLO	2406	2407	P	1.0
PCLO	2426	2430	PP	1.0
PCSK6	27	38	GGA	0.818182
PDE4D	77	88	P	0.909091
PDXL2	174	175	K	1.0
PELP1	908	910	DF	1.0
PELP1	958	959	E	1.0
PERC1	47	50	GEG	1.0
PGCB	466	473	E	1.0
PHC1	426	427	Q	1.0
PHF14	117	118	E	1.0
PHF14	133	134	E	1.0
PHGR1	24	48	GP	0.5
PHGR1	69	76	GH	0.571429
PHLA1	310	320	QPQ	0.9
PHLA1	335	336	Q	1.0
PHLP1	26	27	A	1.0
PHLP1	40	45	A	0.8
PHLP1	135	148	SS	0.923077
PHLP1	1686	1694	PP	1.0
PHLP2	50	51	S	1.0
PHX2B	260	263	GGL	1.0
PIAS4	487	491	DE	1.0
PILRA	7	14	LL	0.857143
PININ	587	611	S	0.833333
PININ	612	615	TSG	1.0
PITM2	622	630	GG	0.75
PITM2	631	634	GSS	1.0
PITX3	250	252	S	1.0
PLBL1	19	29	L	0.9
PLCB2	508	514	EE	1.0
PLCD3	500	511	E	0.818182
PLPR3	444	449	E	0.8
PMA6E	154	186	AG	0.5625
PMA6E	187	193	G	0.5
PMA6E	193	251	AG	0.551724
PMA6E	255	264	AG	0.666667
PMA6F	159	189	AG	0.666667
PMA6F	195	197	GT	1.0
PMA6F	199	202	EGG	1.0
PMA6F	207	214	G	0.571429
PNISR	511	520	S	0.888889
PNISR	534	539	S	0.8
PNISR	545	551	SS	1.0
PO3F2	70	71	G	1.0
PO3F3	30	31	G	1.0
PO3F3	43	50	G	0.857143
PO3F3	191	192	A	1.0
PO4F1	149	150	G	1.0
PO4F1	179	182	GGL	1.0
PO4F2	56	57	G	1.0
PO4F2	68	79	S	0.818182
PO4F2	173	174	H	1.0
PO5F1	41	44	PGG	1.0
PP1RA	788	791	GSM	1.0
PP1RA	804	808	GGI	0.75
PPB1	11	13	L	1.0
PPIG	202	204	DS	1.0
PPIG	208	211	DSQ	1.0
PPIG	212	218	SSD	1.0
PPM1E	48	49	P	1.0
PPR1B	122	135	E	0.846154
PPRC1	1443	1444	S	1.0
PPRC1	1451	1454	RSR	1.0
PPRC1	1499	1506	RS	0.857143
PR20A	76	91	R	0.533333
PR20B	76	91	R	0.533333
PR20C	76	91	R	0.533333
PR20D	76	91	R	0.533333
PR20E	76	91	R	0.533333
PR38A	236	247	RS	0.545455
PRAG1	1166	1167	A	1.0
PRB2	53	54	P	1.0
PRB2	54	60	GKP	0.5
PRB2	64	65	G	1.0
PRB2	65	71	NQP	0.5
PRB2	75	81	GKP	0.5
PRB2	85	86	G	1.0
PRB2	88	92	PQG	0.75
PRB2	95	105	PQG	0.6
PRB2	114	115	P	1.0
PRB2	121	126	PPQ	0.6
PRB2	132	136	P	1.0
PRB2	142	147	PPQ	0.6
PRB2	153	156	P	1.0
PRB2	176	177	P	1.0
PRB2	183	188	PPQ	0.6
PRB2	194	198	P	1.0
PRB2	204	209	PPQ	0.6
PRB2	215	218	P	1.0
PRB2	245	250	PPQ	0.6
PRB2	256	260	P	1.0
PRB2	266	271	PPQ	0.6
PRB2	275	277	GP	1.0
PRB2	280	286	GKP	0.5
PRB2	300	301	P	1.0
PRB2	301	307	GKP	0.5
PRB2	311	312	G	1.0
PRB2	318	322	P	1.0
PRB2	328	333	PPQ	0.6
PRB2	339	342	P	1.0
PRB2	348	353	PPQ	0.6
PRB2	362	369	P	0.428571
PRB2	374	379	NNP	0.6
PRB2	380	381	P	1.0
PRB2	389	390	Q	1.0
PRB2	394	402	P	0.375
PRB2	407	409	G	1.0
PRB3	260	261	P	1.0
PRB4	52	54	P	1.0
PRB4	60	64	PPQ	0.75
PRB4	71	75	P	1.0
PRB4	207	209	P	1.0
PRB4	249	252	PQQ	1.0
PRC2C	507	516	ERE	1.0
PRDM2	276	287	EEE	0.818182
PRDM2	1054	1055	S	1.0
PRDM2	1063	1068	S	0.8
PRG4	459	460	T	1.0
PRG4	461	463	T	1.0
PRG4	595	599	TTK	0.75
PRG4	619	623	TPK	0.75
PRG4	659	660	T	1.0
PRGC2	433	434	E	1.0
PRGC2	444	450	E	0.833333
PRIMA	59	61	LP	1.0
PRM3	53	59	E	1.0
PRP1	45	50	KPQ	0.6
PRP1	54	60	GKP	0.5
PRP1	64	65	G	1.0
PRP1	67	71	PQG	0.75
PRP1	74	84	PQG	0.6
PRP1	93	94	P	1.0
PRP1	100	105	PPQ	0.6
PRP1	105	111	NQP	0.5
PRP1	115	121	GKP	0.5
PRP1	125	126	G	1.0
PRP1	132	135	P	1.0
PRP1	161	166	PPQ	0.6
PRP1	172	176	P	1.0
PRP1	182	187	PPQ	0.6
PRP1	193	196	P	1.0
PRP1	222	227	PPQ	0.6
PRP1	227	233	NQP	0.5
PRP1	237	243	GKP	0.5
PRP1	246	248	G	1.0
PRP1	255	257	P	1.0
PRP1	283	288	PPQ	0.6
PRP1	294	298	P	1.0
PRP1	304	309	PPQ	0.6
PRP1	311	315	PQG	0.75
PRP1	318	324	GKP	0.5
PRP1	326	328	QG	1.0
PRP1	357	359	P	1.0
PRPC	149	153	PPQ	0.75
PRR11	188	199	P	0.909091
PRR12	371	379	G	0.875
PRR12	836	837	P	1.0
PRR12	1049	1052	APA	1.0
PRR36	924	925	P	1.0
PRR36	929	937	SPP	0.75
PRR36	964	966	AS	1.0
PTMA	56	63	EE	0.857143
PTMA	69	73	GDG	0.75
PTMA	73	74	E	1.0
PTMS	65	72	E	0.857143
PTPR2	8	15	L	1.0
PURA	28	31	GSG	1.0
PURA	43	52	G	0.777778
PXK	516	524	P	1.0
QCR6	17	25	E	1.0
QCR6L	17	25	E	1.0
R3HD1	605	608	LPP	1.0
RA1L2	226	232	G	0.5
RA1L2	237	239	G	1.0
RAGP1	364	384	E	0.85
RALY	231	251	G	0.9
RANB9	92	95	ASA	1.0
RAPH1	629	630	P	1.0
RBBP6	1730	1747	KK	0.823529
RBM10	115	116	E	1.0
RBM19	717	725	E	1.0
RBM23	393	397	AA	1.0
RBM24	209	211	A	1.0
RBM25	347	352	DR	0.8
RBM25	371	373	ER	1.0
RBM25	426	427	K	1.0
RBM27	338	340	PG	1.0
RBM27	953	964	RG	0.909091
RBM39	81	90	SR	0.666667
RBM4	295	298	VTA	1.0
RBMX	115	118	SGG	1.0
RBMX2	163	172	K	0.777778
RBP10	422	425	PSS	1.0
RBP56	413	414	D	1.0
RBP56	420	422	DR	1.0
RBP56	424	427	GGY	1.0
RBP56	443	448	G	0.8
RBP56	524	526	DR	1.0
RBP56	529	531	GY	1.0
RED	338	346	ER	0.75
RED	348	350	ER	1.0
RENT1	51	68	G	0.705882
RERE	1184	1189	EK	0.8
RERE	1197	1201	RE	1.0
REXO1	581	582	S	1.0
REXO1	589	592	TSS	1.0
RFOX2	340	348	A	1.0
RFX1	382	386	G	0.75
RFX1	399	402	SGS	1.0
RFX7	863	865	TP	1.0
RHG33	680	683	S	1.0
RHG33	698	699	S	1.0
RIM3A	333	338	P	1.0
RIM3B	333	338	P	1.0
RIM3C	333	338	P	1.0
RIMB1	1336	1346	E	0.9
RL14	152	159	A	1.0
RLA0	277	285	AA	0.75
RLA0	289	293	A	1.0
RLA0	294	296	PA	1.0
RLA0L	277	279	A	1.0
RLA0L	289	293	A	1.0
RLA0L	294	296	PA	1.0
RMP	311	313	NI	1.0
RN126	292	293	S	1.0
RNF12	451	453	GS	1.0
RNF12	476	483	SS	0.857143
RNPS1	94	97	SGS	1.0
RNPS1	104	105	R	1.0
RNPS1	114	126	SS	1.0
ROA1	197	212	G	0.666667
ROA1	226	239	GG	0.769231
ROA1	304	310	GG	1.0
ROA1	355	359	G	0.75
ROA2	266	267	G	1.0
ROA2	273	277	PGY	0.75
ROA3	247	255	G	0.875
ROA3	293	300	G	0.428571
ROA3	300	308	G	0.875
RP1L1	2218	2226	E	0.5
RPB1	1824	1826	YS	1.0
RPB1	1831	1837	SP	0.666667
RPC7L	171	174	E	1.0
RPC7L	183	191	EE	1.0
RPGFL	36	49	GGG	0.923077
RRP12	1056	1064	E	1.0
RS2	49	52	ARG	1.0
RSH6A	703	714	E	0.818182
RSRC2	137	143	R	0.5
RSRC2	165	170	RS	0.8
RSRC2	174	176	RI	1.0
RSRP1	92	94	YR	1.0
RTN4	43	50	DED	0.857143
RU17	267	268	S	1.0
RU17	368	376	DR	1.0
RUNX2	51	52	Q	1.0
RUNX2	71	73	EA	1.0
S12A2	93	95	A	1.0
S12A2	107	112	GA	0.8
S27A3	7	18	L	0.818182
S4A5	451	452	G	1.0
S4A5	461	465	AGS	0.75
S4A7	1142	1145	K	1.0
SAFB1	660	673	ER	0.769231
SAFB2	679	691	ER	0.833333
SALL1	152	159	S	1.0
SALL2	766	775	E	0.888889
SAMD1	133	137	P	1.0
SAMD1	141	144	A	1.0
SAMD1	214	235	PP	0.666667
SASH1	12	13	P	1.0
SASH1	25	31	EP	1.0
SATB1	607	610	APP	1.0
SBK1	378	379	V	1.0
SBK1	390	391	E	1.0
SCAF4	944	956	QPQ	0.75
SCAF4	960	976	QQ	0.75
SCC4	6	19	AA	0.923077
SCGR1	36	52	C	0.5625
SCGR3	8	10	CG	1.0
SCGR3	33	38	VCG	0.6
SCGR3	48	64	C	0.5625
SCGR4	8	39	GG	0.83871
SCGR6	31	34	CGS	1.0
SCGR6	45	61	C	0.5625
SCGR6	84	87	GCC	1.0
SCGR7	4	5	G	1.0
SCGR7	30	34	CGS	0.75
SCGR7	44	60	C	0.5625
SCGR7	78	84	C	0.5
SCGR8	3	36	GG	0.848485
SCGR9	3	7	CG	1.0
SCGR9	11	13	SG	1.0
SCGR9	26	30	CGS	0.75
SCGR9	40	56	C	0.5625
SCGRX	39	41	CG	1.0
SCUB2	19	28	LLL	1.0
SEM4B	26	27	L	1.0
SEM4B	35	39	PP	1.0
SENP3	89	92	E	1.0
SET	284	289	DEG	0.6
SET1A	337	341	S	0.75
SET1A	345	346	S	1.0
SET1A	605	606	P	1.0
SET1A	1058	1069	EEE	0.818182
SET1A	1377	1378	D	1.0
SET1B	691	699	P	1.0
SET1B	1044	1056	SSS	1.0
SET1B	1076	1087	E	0.909091
SETBP	1543	1544	L	1.0
SETLP	249	252	DEE	1.0
SETLP	296	301	DEG	0.6
SF3B2	113	116	GLG	1.0
SFR19	220	223	PAP	1.0
SFR19	282	288	E	0.833333
SFR19	779	790	RD	0.909091
SGIP1	359	367	P	0.75
SH2B2	569	577	SS	0.75
SHE	163	165	S	1.0
SHE	174	179	SS	0.8
SHOT1	355	356	P	1.0
SHOT1	361	367	P	0.833333
SHOX2	77	81	GG	1.0
SHRM4	1132	1134	E	1.0
SHRM4	1151	1158	E	0.857143
SHSA7	148	159	G	0.636364
SIA7E	39	40	Q	1.0
SIK3	1001	1004	QRQ	1.0
SIL2A	11	12	A	1.0
SIL2B	11	12	A	1.0
SIX3	39	41	G	1.0
SIX3	51	52	N	1.0
SIX3	57	69	G	0.833333
SIX5	54	59	A	0.8
SKDA1	226	227	A	1.0
SKDA1	304	305	A	1.0
SKDA1	414	419	E	0.8
SKOR2	668	671	PPQ	1.0
SLIK5	796	802	P	0.833333
SLIK5	807	810	QPP	1.0
SMCA2	238	246	P	0.5
SMCA4	231	232	P	1.0
SMCA4	246	247	P	1.0
SMCA4	664	672	E	1.0
SMD1	99	100	R	1.0
SMD1	116	118	PR	1.0
SMYD5	395	403	E	1.0
SNPC4	523	526	SGS	1.0
SNR27	38	47	RS	0.666667
SOCS7	182	195	P	0.615385
SON	1865	1878	RRR	0.692308
SON	1997	2001	RR	1.0
SOX1	30	31	G	1.0
SOX11	146	157	GG	0.727273
SOX21	210	211	A	1.0
SOX21	219	221	G	1.0
SOX4	387	389	S	1.0
SOX6	240	245	QQ	0.8
SP202	501	514	APA	0.923077
SP202	518	520	A	1.0
SP202	529	530	A	1.0
SP202	674	678	Q	0.75
SP5	227	235	A	1.0
SP8	116	119	S	1.0
SP8	138	147	G	1.0
SPAG8	46	49	ATA	1.0
SPAG8	58	62	A	0.75
SPR2A	46	53	Q	0.571429
SPR2B	46	53	Q	0.571429
SPR2D	46	53	Q	0.571429
SPRN	71	83	AA	0.833333
SPRR5	25	73	PP	0.5
SPRY3	383	386	DGE	1.0
SPT5H	53	55	YD	1.0
SRBP2	60	74	S	0.785714
SRBS2	641	642	H	1.0
SRCH	194	195	E	1.0
SRCH	246	248	D	1.0
SRCRL	243	245	AL	1.0
SRCRL	1271	1274	TTM	1.0
SRCRL	1275	1305	TT	0.533333
SREK1	286	290	KER	0.75
SREK1	294	295	R	1.0
SRGN	103	111	SG	1.0
SRP14	110	116	A	1.0
SRP14	118	121	A	1.0
SRP68	30	31	R	1.0
SRPX	13	23	L	0.8
SRRM2	591	595	R	0.75
SRRM2	603	607	SR	1.0
SRRM2	642	650	RS	0.75
SRRM2	697	702	R	0.6
SRRM2	1921	1926	RS	0.8
SRRM2	1932	1935	RRS	1.0
SRRM2	1940	1949	RSR	0.666667
SRRM2	1955	1961	RSR	1.0
SRRM2	1967	1973	RSR	1.0
SRRM2	1982	1985	RSR	1.0
SRRM2	1991	1997	RSR	1.0
SRRM2	2003	2009	RSR	1.0
SRRM2	2015	2024	RSR	0.666667
SRRM2	2556	2561	S	0.8
SRRM3	387	395	R	1.0
SRRM4	550	559	RS	0.888889
SRRM4	581	582	R	1.0
SRRM4	595	597	QS	1.0
SRSF1	225	227	YS	1.0
SRSF2	142	148	RYS	0.5
SRSF2	152	159	RS	0.857143
SRSF2	177	179	RS	1.0
SRSF2	192	193	P	1.0
SRSF4	184	198	SR	0.714286
SRSF4	220	244	SRS	0.875
SRSF5	191	192	S	1.0
SRSF5	197	199	SR	1.0
SRSF5	209	210	K	1.0
SRSF5	225	228	KSR	1.0
SRSF6	194	196	RS	1.0
SRSF6	218	219	I	1.0
SRSF7	139	140	G	1.0
SSBP2	244	250	GG	1.0
SSBP3	270	276	GG	1.0
STAC3	77	78	P	1.0
STRC	1136	1143	L	0.714286
STRCL	1137	1144	L	0.714286
SYGP1	382	391	GG	0.888889
SYGP1	958	966	H	1.0
SYGP1	1051	1065	GG	1.0
SYNE2	6841	6849	L	1.0
T200C	221	222	A	1.0
T200C	230	235	S	1.0
T229A	200	202	R	1.0
TAF2	1162	1171	HK	0.888889
TAF3	711	724	KEK	0.923077
TAF4	172	173	G	1.0
TAF4	187	188	K	1.0
TAF7L	338	341	DDE	1.0
TAF7L	357	360	E	1.0
TAL1	266	274	G	1.0
TAOK2	968	977	L	0.888889
TBB5	431	434	E	1.0
TBL1R	109	110	A	1.0
TBX2	71	74	EAG	1.0
TCF20	47	58	SGS	0.818182
TCOF	349	352	E	1.0
TCRG1	182	187	QA	0.8
TCRG1	242	247	VQA	0.6
TCRG1	252	255	AQA	1.0
TENX	2408	2411	PEE	1.0
TENX	3547	3556	PE	0.666667
TENXA	35	44	PE	0.666667
TET5A	26	48	GG	0.818182
TF3C5	491	499	E	1.0
TF7L1	14	22	GG	1.0
TFCP2	406	413	Q	1.0
THA11	104	105	Q	1.0
TIF1B	3	17	AA	1.0
TITIN	10894	10899	KK	0.8
TITIN	10943	10951	VP	0.75
TITIN	11063	11066	E	1.0
TITIN	11069	11070	E	1.0
TITIN	11459	11461	VP	1.0
TITIN	11472	11478	P	0.5
TITIN	11497	11502	P	0.6
TITIN	11515	11520	VPE	0.6
TITIN	11544	11556	P	0.416667
TITIN	11582	11592	P	0.5
TLE3	403	409	A	1.0
TNC18	2560	2567	S	0.857143
TNFL6	53	55	LP	1.0
TNFL6	68	69	P	1.0
TNKS1	139	149	SS	0.8
TNR6A	97	117	QQ	1.0
TOB1	250	262	PPP	1.0
TOX3	455	457	MQ	1.0
TOX3	491	502	QQ	0.909091
TPRN	159	175	PP	0.875
TPRN	608	609	E	1.0
TPRN	621	624	GSG	1.0
TPRXL	50	69	S	0.736842
TPRXL	92	94	S	1.0
TPRXL	103	108	SS	0.8
TPRXL	117	119	PS	1.0
TPRXL	128	137	S	0.777778
TPRXL	146	155	S	0.777778
TPRXL	167	169	PS	1.0
TPRXL	217	220	PST	1.0
TPRXL	223	225	S	1.0
TR150	16	26	SRS	0.9
TREF1	561	570	P	1.0
TRHY	313	327	RRE	0.428571
TRHY	334	377	REQ	0.488372
TRHY	426	432	E	0.666667
TRHY	506	515	R	0.444444
TRHY	939	941	E	1.0
TRHY	993	1001	EE	0.75
TRHY	1045	1048	RER	1.0
TRHY	1052	1061	EE	0.888889
TRHY	1086	1091	EE	0.8
TRHY	1115	1121	EE	0.666667
TRHY	1142	1143	E	1.0
TRHY	1172	1181	EE	0.888889
TRI44	110	113	SET	1.0
TRIO	2296	2300	G	0.75
TRIO	2312	2315	APS	1.0
TRNK1	1090	1098	E	0.875
TTBK1	736	749	E	0.846154
TULP1	118	121	E	1.0
TUT7	847	848	E	1.0
TYY1	70	80	H	1.0
U2AF1	202	207	RS	0.8
U2AF1	212	213	G	1.0
U2AF5	202	207	RS	0.8
U2AF5	212	213	G	1.0
U2AFM	455	460	SS	0.8
U2AFM	461	468	R	0.714286
UBE2O	17	19	PA	1.0
UBE2O	20	21	A	1.0
UBF1	685	697	D	0.5
UBF1	729	742	DED	0.923077
UBP51	130	133	P	1.0
UBP51	140	144	APR	0.75
UBX11	491	498	GP	0.571429
UBX11	509	512	SPC	1.0
UNC80	745	748	G	1.0
VASP	171	172	P	1.0
VASP	189	190	P	1.0
VAX1	222	232	A	0.8
VCIP1	6	7	P	1.0
VIR	149	153	QP	1.0
WASF2	400	406	P	0.833333
WASL	375	376	P	1.0
WASL	383	389	P	0.833333
WASP	395	396	P	1.0
WBP11	471	482	P	0.636364
WDR70	151	154	EAE	1.0
WIPF1	68	81	G	0.846154
WIPF1	90	94	SFG	0.75
WIPF2	7	17	P	0.9
WIPF3	179	187	P	0.875
WIPF3	224	232	P	1.0
WT1	57	60	PAP	1.0
XYLT1	80	81	G	1.0
YETS2	814	824	G	0.6
YF009	96	104	G	1.0
YJ004	17	23	SSA	0.5
YLPM1	1549	1550	P	1.0
ZAN	659	660	E	1.0
ZAN	799	801	EP	1.0
ZBT47	280	284	EDD	0.75
ZBT47	294	297	G	1.0
ZBT7C	144	150	DD	1.0
ZBT7C	162	167	D	1.0
ZBTB4	86	87	S	1.0
ZBTB4	100	102	AS	1.0
ZBTB4	111	112	P	1.0
ZBTB4	640	641	E	1.0
ZC3H4	552	555	GPP	1.0
ZC3HD	681	684	ERE	1.0
ZC3HD	702	706	KER	0.75
ZC3HD	713	719	ER	1.0
ZC3HD	727	732	DR	0.8
ZC3HD	743	748	DRE	0.6
ZC3HD	776	778	AR	1.0
ZCH10	111	119	S	0.875
ZCH10	153	166	SSS	0.692308
ZCH10	167	174	S	1.0
ZCH18	431	433	RE	1.0
ZCH18	442	443	D	1.0
ZEB1	1071	1079	EE	1.0
ZFHX2	1712	1722	EE	1.0
ZFHX3	464	473	E	0.888889
ZFHX3	773	774	A	1.0
ZFHX3	3509	3514	G	0.8
ZFHX4	1772	1774	QP	1.0
ZFHX4	1960	1961	P	1.0
ZFHX4	1966	1971	P	0.6
ZFHX4	1997	1998	P	1.0
ZFHX4	2016	2020	SAP	0.75
ZFHX4	3115	3116	P	1.0
ZFR	291	299	A	1.0
ZFX	333	337	A	1.0
ZIC2	232	239	H	1.0
ZIC2	483	485	GA	1.0
ZIC2	497	513	G	0.8125
ZIC5	152	159	P	0.714286
ZIC5	163	165	P	1.0
ZIC5	339	345	A	1.0
ZMIZ1	282	286	A	1.0
ZMIZ1	302	303	V	1.0
ZMIZ2	150	151	A	1.0
ZMIZ2	167	168	V	1.0
ZMY15	116	126	E	0.9
ZN281	12	21	G	0.555556
ZN281	32	36	GGS	0.75
ZN282	475	485	G	0.9
ZN316	136	147	EE	0.909091
ZN326	499	501	E	1.0
ZN326	512	513	G	1.0
ZN341	180	181	P	1.0
ZN341	187	201	P	0.857143
ZN358	400	401	A	1.0
ZN384	475	476	A	1.0
ZN384	496	497	S	1.0
ZN428	45	49	E	0.75
ZN462	545	546	P	1.0
ZN462	554	556	SQ	1.0
ZN526	234	247	EED	0.692308
ZN579	17	18	R	1.0
ZN746	488	502	GG	1.0
ZN827	331	332	P	1.0
ZN830	162	163	E	1.0
ZN853	189	191	Q	1.0
ZN853	205	208	Q	1.0
ZN853	212	220	QQ	1.0
ZN853	251	253	Q	1.0
ZN853	259	263	AQL	0.75
ZN853	287	289	Q	1.0
ZN853	299	303	EQL	0.75
ZN853	306	308	LQ	1.0
ZNRF2	66	77	A	0.818182
ZRAB2	213	225	SS	0.833333
ZSWM6	21	22	G	1.0
ZSWM6	34	37	G	1.0
ZSWM6	145	154	G	0.888889
ZSWM6	169	170	A	1.0
ZSWM6	184	188	GA	1.0
