Best.Peptide	Count	Proportion
P	211	0.103787506148549
G	182	0.0895228726020659
T	161	0.0791933103787506
S	152	0.0747663551401869
E	131	0.0644367929168716
A	77	0.0378750614854894
Q	60	0.029513034923758
GG	40	0.0196753566158387
L	38	0.0186915887850467
R	32	0.0157402852926709
PP	29	0.014264633546483
K	29	0.014264633546483
SS	26	0.0127889818002951
EE	22	0.0108214461387113
D	19	0.00934579439252336
C	18	0.0088539104771274
PPQ	17	0.00836202656173143
RR	17	0.00836202656173143
H	16	0.00787014264633546
SG	16	0.00787014264633546
TT	14	0.00688637481554353
RS	14	0.00688637481554353
GP	13	0.00639449090014757
SGS	12	0.0059026069847516
SCC	12	0.0059026069847516
AA	10	0.00491883915395967
PG	10	0.00491883915395967
ER	10	0.00491883915395967
CG	10	0.00491883915395967
AG	9	0.0044269552385637
PPG	9	0.0044269552385637
TS	8	0.00393507132316773
GKP	8	0.00393507132316773
RSR	8	0.00393507132316773
SR	7	0.00344318740777177
CGS	7	0.00344318740777177
GSG	7	0.00344318740777177
DE	6	0.0029513034923758
YGQ	6	0.0029513034923758
QQ	6	0.0029513034923758
GPP	6	0.0029513034923758
PKC	6	0.0029513034923758
STT	6	0.0029513034923758
EEE	6	0.0029513034923758
ED	5	0.00245941957697983
EDE	5	0.00245941957697983
V	5	0.00245941957697983
PQG	5	0.00245941957697983
APT	5	0.00245941957697983
SAP	5	0.00245941957697983
DR	5	0.00245941957697983
CC	5	0.00245941957697983
ERE	5	0.00245941957697983
SGF	5	0.00245941957697983
PPE	5	0.00245941957697983
PGP	5	0.00245941957697983
SGC	5	0.00245941957697983
PA	5	0.00245941957697983
GGS	5	0.00245941957697983
DD	5	0.00245941957697983
DS	4	0.00196753566158387
HG	4	0.00196753566158387
GS	4	0.00196753566158387
QP	4	0.00196753566158387
RG	4	0.00196753566158387
GA	4	0.00196753566158387
QPQ	4	0.00196753566158387
SRS	4	0.00196753566158387
KK	4	0.00196753566158387
GGG	4	0.00196753566158387
SGG	4	0.00196753566158387
TTS	4	0.00196753566158387
HH	3	0.0014756517461879
SSD	3	0.0014756517461879
GPG	3	0.0014756517461879
STI	3	0.0014756517461879
TP	3	0.0014756517461879
AS	3	0.0014756517461879
TSG	3	0.0014756517461879
QTS	3	0.0014756517461879
TPQ	3	0.0014756517461879
AL	3	0.0014756517461879
PE	3	0.0014756517461879
NQP	3	0.0014756517461879
APP	3	0.0014756517461879
APA	3	0.0014756517461879
EP	3	0.0014756517461879
GSS	3	0.0014756517461879
GRG	3	0.0014756517461879
PAP	3	0.0014756517461879
HGS	3	0.0014756517461879
SPS	3	0.0014756517461879
VA	3	0.0014756517461879
SSI	3	0.0014756517461879
GCG	3	0.0014756517461879
SPP	3	0.0014756517461879
GGY	3	0.0014756517461879
RQE	3	0.0014756517461879
GY	3	0.0014756517461879
GYG	3	0.0014756517461879
LQ	3	0.0014756517461879
LP	3	0.0014756517461879
AGG	3	0.0014756517461879
GF	3	0.0014756517461879
PGG	3	0.0014756517461879
DEE	3	0.0014756517461879
PAT	2	0.000983767830791933
LA	2	0.000983767830791933
RA	2	0.000983767830791933
YG	2	0.000983767830791933
PS	2	0.000983767830791933
VP	2	0.000983767830791933
GQS	2	0.000983767830791933
Y	2	0.000983767830791933
LEE	2	0.000983767830791933
RGP	2	0.000983767830791933
QSP	2	0.000983767830791933
HGQ	2	0.000983767830791933
GGP	2	0.000983767830791933
SSA	2	0.000983767830791933
AK	2	0.000983767830791933
VGG	2	0.000983767830791933
LHR	2	0.000983767830791933
GCC	2	0.000983767830791933
GT	2	0.000983767830791933
PIT	2	0.000983767830791933
PSS	2	0.000983767830791933
AP	2	0.000983767830791933
LLL	2	0.000983767830791933
YGS	2	0.000983767830791933
SPC	2	0.000983767830791933
CQQ	2	0.000983767830791933
PQQ	2	0.000983767830791933
EK	2	0.000983767830791933
SP	2	0.000983767830791933
VAA	2	0.000983767830791933
SE	2	0.000983767830791933
ERR	2	0.000983767830791933
PR	2	0.000983767830791933
TSS	2	0.000983767830791933
EDD	2	0.000983767830791933
RAT	2	0.000983767830791933
GAG	2	0.000983767830791933
TST	2	0.000983767830791933
LTT	2	0.000983767830791933
PT	2	0.000983767830791933
RD	2	0.000983767830791933
N	2	0.000983767830791933
ES	2	0.000983767830791933
GK	2	0.000983767830791933
STE	2	0.000983767830791933
ET	2	0.000983767830791933
STP	2	0.000983767830791933
TN	2	0.000983767830791933
AGA	2	0.000983767830791933
SD	2	0.000983767830791933
KER	2	0.000983767830791933
DEG	2	0.000983767830791933
SSS	2	0.000983767830791933
DED	2	0.000983767830791933
GGL	2	0.000983767830791933
YS	2	0.000983767830791933
RE	2	0.000983767830791933
KG	2	0.000983767830791933
EED	2	0.000983767830791933
IEK	2	0.000983767830791933
KEK	2	0.000983767830791933
QH	2	0.000983767830791933
RHG	1	0.000491883915395967
SGT	1	0.000491883915395967
DSD	1	0.000491883915395967
GRH	1	0.000491883915395967
RSG	1	0.000491883915395967
GL	1	0.000491883915395967
GES	1	0.000491883915395967
EEA	1	0.000491883915395967
EKK	1	0.000491883915395967
QR	1	0.000491883915395967
SDS	1	0.000491883915395967
GTP	1	0.000491883915395967
SF	1	0.000491883915395967
GPR	1	0.000491883915395967
HPG	1	0.000491883915395967
GLP	1	0.000491883915395967
HLL	1	0.000491883915395967
SYG	1	0.000491883915395967
FG	1	0.000491883915395967
QHS	1	0.000491883915395967
SAG	1	0.000491883915395967
F	1	0.000491883915395967
PAG	1	0.000491883915395967
ELL	1	0.000491883915395967
TSD	1	0.000491883915395967
NSS	1	0.000491883915395967
KAA	1	0.000491883915395967
GV	1	0.000491883915395967
GPT	1	0.000491883915395967
GPM	1	0.000491883915395967
GPI	1	0.000491883915395967
EEG	1	0.000491883915395967
RER	1	0.000491883915395967
GQ	1	0.000491883915395967
YSP	1	0.000491883915395967
VPE	1	0.000491883915395967
VQA	1	0.000491883915395967
AQA	1	0.000491883915395967
EAG	1	0.000491883915395967
PEE	1	0.000491883915395967
MQ	1	0.000491883915395967
PPP	1	0.000491883915395967
PST	1	0.000491883915395967
RRE	1	0.000491883915395967
SET	1	0.000491883915395967
APS	1	0.000491883915395967
REQ	1	0.000491883915395967
QA	1	0.000491883915395967
TTP	1	0.000491883915395967
MT	1	0.000491883915395967
PPT	1	0.000491883915395967
SLG	1	0.000491883915395967
VGA	1	0.000491883915395967
GED	1	0.000491883915395967
CSS	1	0.000491883915395967
GC	1	0.000491883915395967
GGC	1	0.000491883915395967
CCS	1	0.000491883915395967
TQQ	1	0.000491883915395967
FS	1	0.000491883915395967
PGL	1	0.000491883915395967
SCG	1	0.000491883915395967
KC	1	0.000491883915395967
CCG	1	0.000491883915395967
FGS	1	0.000491883915395967
TE	1	0.000491883915395967
GE	1	0.000491883915395967
SC	1	0.000491883915395967
QPG	1	0.000491883915395967
GVS	1	0.000491883915395967
EES	1	0.000491883915395967
LG	1	0.000491883915395967
GSY	1	0.000491883915395967
GSR	1	0.000491883915395967
LGA	1	0.000491883915395967
PGV	1	0.000491883915395967
PGF	1	0.000491883915395967
KSG	1	0.000491883915395967
ERD	1	0.000491883915395967
TEG	1	0.000491883915395967
ST	1	0.000491883915395967
STN	1	0.000491883915395967
LAP	1	0.000491883915395967
PTT	1	0.000491883915395967
SAA	1	0.000491883915395967
QT	1	0.000491883915395967
STA	1	0.000491883915395967
STS	1	0.000491883915395967
TTL	1	0.000491883915395967
TTV	1	0.000491883915395967
TPT	1	0.000491883915395967
SVP	1	0.000491883915395967
ATT	1	0.000491883915395967
GAT	1	0.000491883915395967
TAS	1	0.000491883915395967
DT	1	0.000491883915395967
TPG	1	0.000491883915395967
TAT	1	0.000491883915395967
STV	1	0.000491883915395967
TNP	1	0.000491883915395967
TAA	1	0.000491883915395967
GR	1	0.000491883915395967
GRK	1	0.000491883915395967
QEE	1	0.000491883915395967
ASF	1	0.000491883915395967
GEP	1	0.000491883915395967
SSE	1	0.000491883915395967
RAA	1	0.000491883915395967
HRS	1	0.000491883915395967
GSE	1	0.000491883915395967
TGS	1	0.000491883915395967
AST	1	0.000491883915395967
LAQ	1	0.000491883915395967
HQL	1	0.000491883915395967
RGG	1	0.000491883915395967
GSP	1	0.000491883915395967
ANP	1	0.000491883915395967
GST	1	0.000491883915395967
AEA	1	0.000491883915395967
RDR	1	0.000491883915395967
GSM	1	0.000491883915395967
GGI	1	0.000491883915395967
DSQ	1	0.000491883915395967
NNP	1	0.000491883915395967
GEG	1	0.000491883915395967
PL	1	0.000491883915395967
DF	1	0.000491883915395967
GGA	1	0.000491883915395967
QG	1	0.000491883915395967
KPQ	1	0.000491883915395967
TPK	1	0.000491883915395967
GDG	1	0.000491883915395967
SDD	1	0.000491883915395967
KPP	1	0.000491883915395967
DRG	1	0.000491883915395967
LPP	1	0.000491883915395967
VDV	1	0.000491883915395967
AE	1	0.000491883915395967
ASA	1	0.000491883915395967
PQP	1	0.000491883915395967
TTK	1	0.000491883915395967
GH	1	0.000491883915395967
LL	1	0.000491883915395967
EGG	1	0.000491883915395967
ARG	1	0.000491883915395967
PGY	1	0.000491883915395967
NI	1	0.000491883915395967
VTA	1	0.000491883915395967
EA	1	0.000491883915395967
YR	1	0.000491883915395967
VCG	1	0.000491883915395967
RI	1	0.000491883915395967
GLG	1	0.000491883915395967
QRQ	1	0.000491883915395967
QPP	1	0.000491883915395967
RRR	1	0.000491883915395967
ATA	1	0.000491883915395967
DGE	1	0.000491883915395967
YD	1	0.000491883915395967
AGS	1	0.000491883915395967
TTM	1	0.000491883915395967
RRS	1	0.000491883915395967
QS	1	0.000491883915395967
RYS	1	0.000491883915395967
KSR	1	0.000491883915395967
I	1	0.000491883915395967
HK	1	0.000491883915395967
DDE	1	0.000491883915395967
APR	1	0.000491883915395967
EAE	1	0.000491883915395967
SFG	1	0.000491883915395967
DRE	1	0.000491883915395967
AR	1	0.000491883915395967
SQ	1	0.000491883915395967
AQL	1	0.000491883915395967
EQL	1	0.000491883915395967
