3BP1	511	524	12	1,2,3,4,5,6,7,8,9,10,11,12
A0A0G2JN53	87	88	12	1,2,3,4,5,6,7,8,9,10,11,12
A0A0U1RQG5	93	103	12	1,2,3,4,5,6,7,8,9,10,11,12
A0A3B3IU63	116	122	12	1,2,3,4,5,6,7,8,9,10,11,12
AAK1	535	546	12	1,2,3,4,5,6,7,8,9,10,11,12
AB1IP	601	612	12	1,2,3,4,5,6,7,8,9,10,11,12
ACINU	272	281	12	1,2,3,4,5,6,7,8,9,10,11,12
ACINU	582	589	12	1,2,3,4,5,6,7,8,9,10,11,12
ACINU	1290	1297	12	1,2,3,4,5,6,7,8,9,10,11,12
ACRC	190	192	12	1,2,3,4,5,6,7,8,9,10,11,12
ACRC	209	211	12	1,2,3,4,5,6,7,8,9,10,11,12
ACRO	350	357	12	1,2,3,4,5,6,7,8,9,10,11,12
ACRO	363	370	12	1,2,3,4,5,6,7,8,9,10,11,12
ADA2B	300	309	12	1,2,3,4,5,6,7,8,9,10,11,12
AEBP2	39	48	12	1,2,3,4,5,6,7,8,9,10,11,12
AEBP2	65	73	12	1,2,3,4,5,6,7,8,9,10,11,12
AF17	194	205	12	1,2,3,4,5,6,7,8,9,10,11,12
AF17	330	338	12	1,2,3,4,5,6,7,8,9,10,11,12
AF9	151	190	12	1,2,3,4,5,6,7,8,9,10,11,12
AFF3	417	426	12	1,2,3,4,5,6,7,8,9,10,11,12
AGRB1	1412	1422	12	1,2,3,4,5,6,7,8,9,10,11,12
AKNA	781	791	12	1,2,3,4,5,6,7,8,9,10,11,12
ALG13	921	945	12	1,2,3,4,5,6,7,8,9,10,11,12
ALKB5	39	48	12	1,2,3,4,5,6,7,8,9,10,11,12
ALMS1	14	28	12	1,2,3,4,5,6,7,8,9,10,11,12
AMOT	378	384	12	1,2,3,4,5,6,7,8,9,10,11,12
AN32B	223	229	12	1,2,3,4,5,6,7,8,9,10,11,12
AN32E	185	194	12	1,2,3,4,5,6,7,8,9,10,11,12
ANDR	60	80	12	1,2,3,4,5,6,7,8,9,10,11,12
ANDR	453	473	12	1,2,3,4,5,6,7,8,9,10,11,12
ANO8	589	602	12	1,2,3,4,5,6,7,8,9,10,11,12
ANR17	99	110	12	1,2,3,4,5,6,7,8,9,10,11,12
ANS1A	36	50	12	1,2,3,4,5,6,7,8,9,10,11,12
ANTRL	402	411	12	1,2,3,4,5,6,7,8,9,10,11,12
APLP2	218	228	12	1,2,3,4,5,6,7,8,9,10,11,12
AR6P4	260	282	12	1,2,3,4,5,6,7,8,9,10,11,12
ARI1	77	90	12	1,2,3,4,5,6,7,8,9,10,11,12
ARI1A	341	349	12	1,2,3,4,5,6,7,8,9,10,11,12
ARI1B	115	131	12	1,2,3,4,5,6,7,8,9,10,11,12
ARI1B	309	319	12	1,2,3,4,5,6,7,8,9,10,11,12
ARI1B	340	350	12	1,2,3,4,5,6,7,8,9,10,11,12
ARI1B	357	358	12	1,2,3,4,5,6,7,8,9,10,11,12
ARI3B	7	15	12	1,2,3,4,5,6,7,8,9,10,11,12
ARI4B	544	553	12	1,2,3,4,5,6,7,8,9,10,11,12
ARMD4	618	637	12	1,2,3,4,5,6,7,8,9,10,11,12
ARX	102	115	12	1,2,3,4,5,6,7,8,9,10,11,12
ARX	145	155	12	1,2,3,4,5,6,7,8,9,10,11,12
ASCL1	37	47	12	1,2,3,4,5,6,7,8,9,10,11,12
ASCL1	51	62	12	1,2,3,4,5,6,7,8,9,10,11,12
ASPN	40	51	12	1,2,3,4,5,6,7,8,9,10,11,12
ASXL2	674	684	12	1,2,3,4,5,6,7,8,9,10,11,12
ASXL3	2020	2028	12	1,2,3,4,5,6,7,8,9,10,11,12
AT1B4	58	72	12	1,2,3,4,5,6,7,8,9,10,11,12
AT2B1	300	303	12	1,2,3,4,5,6,7,8,9,10,11,12
AT7L1	653	661	12	1,2,3,4,5,6,7,8,9,10,11,12
ATAD2	262	277	12	1,2,3,4,5,6,7,8,9,10,11,12
ATN1	386	395	12	1,2,3,4,5,6,7,8,9,10,11,12
ATN1	486	502	12	1,2,3,4,5,6,7,8,9,10,11,12
ATN1	818	830	12	1,2,3,4,5,6,7,8,9,10,11,12
ATRX	1450	1464	12	1,2,3,4,5,6,7,8,9,10,11,12
ATX1	199	208	12	1,2,3,4,5,6,7,8,9,10,11,12
ATX1	214	225	12	1,2,3,4,5,6,7,8,9,10,11,12
ATX2	168	188	12	1,2,3,4,5,6,7,8,9,10,11,12
ATX3	296	305	12	1,2,3,4,5,6,7,8,9,10,11,12
ATX7	30	39	12	1,2,3,4,5,6,7,8,9,10,11,12
ATX7	719	728	12	1,2,3,4,5,6,7,8,9,10,11,12
B4GN3	607	615	12	1,2,3,4,5,6,7,8,9,10,11,12
BAG6	659	668	12	1,2,3,4,5,6,7,8,9,10,11,12
BAZ1B	1263	1273	12	1,2,3,4,5,6,7,8,9,10,11,12
BC11A	492	504	12	1,2,3,4,5,6,7,8,9,10,11,12
BC11B	535	543	12	1,2,3,4,5,6,7,8,9,10,11,12
BCL6B	236	244	12	1,2,3,4,5,6,7,8,9,10,11,12
BD1L1	11	27	12	1,2,3,4,5,6,7,8,9,10,11,12
BGIN	519	532	12	1,2,3,4,5,6,7,8,9,10,11,12
BHE41	398	411	12	1,2,3,4,5,6,7,8,9,10,11,12
BMP2K	462	486	12	1,2,3,4,5,6,7,8,9,10,11,12
BRD2	493	504	12	1,2,3,4,5,6,7,8,9,10,11,12
BRD2	783	793	12	1,2,3,4,5,6,7,8,9,10,11,12
BRD4	764	778	12	1,2,3,4,5,6,7,8,9,10,11,12
BRDT	641	648	12	1,2,3,4,5,6,7,8,9,10,11,12
BRE1A	577	590	12	1,2,3,4,5,6,7,8,9,10,11,12
BSN	64	73	12	1,2,3,4,5,6,7,8,9,10,11,12
BT2A2	17	24	12	1,2,3,4,5,6,7,8,9,10,11,12
BTBD2	44	54	12	1,2,3,4,5,6,7,8,9,10,11,12
C1QL4	72	81	12	1,2,3,4,5,6,7,8,9,10,11,12
C1QRF	91	96	12	1,2,3,4,5,6,7,8,9,10,11,12
CAC1A	2315	2325	12	1,2,3,4,5,6,7,8,9,10,11,12
CAC1F	811	825	12	1,2,3,4,5,6,7,8,9,10,11,12
CADM1	342	353	12	1,2,3,4,5,6,7,8,9,10,11,12
CASZ1	1693	1706	12	1,2,3,4,5,6,7,8,9,10,11,12
CB016	1667	1669	12	1,2,3,4,5,6,8,9,10,11,12,13
CBP	2200	2216	12	1,2,3,4,5,6,7,8,9,10,11,12
CBX4	390	400	12	1,2,3,4,5,6,7,8,9,10,11,12
CBX8	157	158	12	1,2,3,4,5,6,7,8,9,10,11,12
CBX8	162	180	12	1,2,3,4,5,6,7,8,9,10,11,12
CC136	17	26	12	1,2,3,4,5,6,7,8,9,10,11,12
CC177	172	180	12	1,2,3,4,5,6,7,8,9,10,11,12
CCDC6	34	44	12	1,2,3,4,5,6,7,8,9,10,11,12
CCER1	334	349	12	1,2,3,4,5,6,7,8,9,10,11,12
CCG8	345	352	12	1,2,3,4,5,6,7,8,9,10,11,12
CCNK	483	491	12	1,2,3,4,5,6,7,8,9,10,11,12
CD11A	292	304	12	1,2,3,4,5,6,7,8,9,10,11,12
CD11A	312	324	12	1,2,3,4,5,6,7,8,9,10,11,12
CD11B	304	316	12	1,2,3,4,5,6,7,8,9,10,11,12
CD11B	324	336	12	1,2,3,4,5,6,7,8,9,10,11,12
CDK13	69	76	12	1,2,3,4,5,6,7,8,9,10,11,12
CDN1C	182	217	12	1,2,3,4,5,6,7,8,9,10,11,12
CDX2	257	269	12	1,2,3,4,5,6,7,8,9,10,11,12
CELF3	359	373	12	1,2,3,4,5,6,7,8,9,10,11,12
CELR2	17	25	12	1,2,3,4,5,6,7,8,9,10,11,12
CELR2	2744	2752	12	1,2,3,4,5,6,7,8,9,10,11,12
CENPB	407	419	12	1,2,3,4,5,6,7,8,9,10,11,12
CENPB	421	439	12	1,2,3,4,5,6,7,8,9,10,11,12
CFA44	727	737	12	1,2,3,4,5,6,7,8,9,10,11,12
CFA65	1772	1784	12	1,2,3,4,5,6,7,8,9,10,11,12
CFA65	1786	1789	12	1,2,3,4,5,6,7,8,9,10,11,12
CHD3	210	219	12	1,2,3,4,5,6,7,8,9,10,11,12
CHD8	2082	2094	12	1,2,3,4,5,6,7,8,9,10,11,12
CHD9	2183	2193	12	1,2,3,4,5,6,7,8,9,10,11,12
CHERP	332	341	12	1,2,3,4,5,6,7,8,9,10,11,12
CHERP	777	797	12	1,2,3,4,5,6,7,8,9,10,11,12
CHIC1	48	68	12	1,2,3,4,5,6,7,8,9,10,11,12
CIR1	259	270	12	1,2,3,4,5,6,7,8,9,10,11,12
CIZ1	19	37	12	1,2,3,4,5,6,7,8,9,10,11,12
CK095	190	200	12	1,2,3,4,5,6,7,8,9,10,11,12
CK095	563	572	12	1,2,3,4,5,6,7,8,9,10,11,12
CLASR	426	432	12	1,2,3,4,5,6,7,8,9,10,11,12
CLSPN	660	672	12	1,2,3,4,5,6,7,8,9,10,11,12
CNGB1	358	371	12	1,2,3,4,5,6,7,8,9,10,11,12
CNPY4	220	229	12	1,2,3,4,5,6,7,8,9,10,11,12
CO1A1	141	156	12	1,2,3,4,5,6,7,8,9,10,11,12
CO1A1	1178	1192	12	1,2,3,4,5,6,7,8,9,10,11,12
CO1A2	60	73	12	1,2,3,4,5,6,7,8,9,10,11,12
CO1A2	1090	1101	12	1,2,3,4,5,6,7,8,9,10,11,12
CO2A1	162	175	12	1,2,3,4,5,6,7,8,9,10,11,12
CO2A1	1206	1217	12	1,2,3,4,5,6,7,8,9,10,11,12
CO4A4	1298	1310	12	1,2,3,4,5,6,7,8,9,10,11,12
CO5A2	1215	1226	12	1,2,3,4,5,6,7,8,9,10,11,12
CO8A1	559	571	12	1,2,3,4,5,6,7,8,9,10,11,12
CO8A2	519	533	12	1,2,3,4,5,6,7,8,9,10,11,12
CO9A1	388	397	12	1,2,3,4,5,6,7,8,9,10,11,12
CO9A3	145	160	12	1,2,3,4,5,6,7,8,9,10,11,12
COFA1	721	732	12	1,2,3,4,5,6,7,8,9,10,11,12
COFA1	938	946	12	1,2,3,4,5,6,7,8,9,10,11,12
COFA1	1098	1106	12	1,2,3,4,5,6,7,8,9,10,11,12
COHA1	438	443	12	1,2,3,4,5,6,7,8,9,10,11,12
COHA1	1217	1223	12	1,2,3,4,5,6,7,8,9,10,11,12
COIA1	1007	1021	12	1,2,3,4,5,6,7,8,9,10,11,12
COIA1	1256	1266	12	1,2,3,4,5,6,7,8,9,10,11,12
COIA1	1402	1411	12	1,2,3,4,5,6,7,8,9,10,11,12
COIA1	1427	1436	12	1,2,3,4,5,6,7,8,9,10,11,12
COMA1	715	729	12	1,2,3,4,5,6,7,8,9,10,11,12
COPA1	196	209	12	1,2,3,4,5,6,7,8,9,10,11,12
COQA1	308	316	12	1,2,3,4,5,6,7,8,9,10,11,12
COQA1	320	325	12	1,2,3,4,5,6,7,8,9,10,11,12
CPNS1	38	56	12	1,2,3,4,5,6,7,8,9,10,11,12
CPSF6	534	540	12	1,2,3,4,5,6,7,8,9,10,11,12
CS2IP	616	628	12	1,2,3,4,5,6,7,8,9,10,11,12
CS2IP	637	645	12	1,2,3,4,5,6,7,8,9,10,11,12
CSKI1	1346	1355	12	1,2,3,4,5,6,7,8,9,10,11,12
CSRN3	372	383	12	1,2,3,4,5,6,7,8,9,10,11,12
CSTN1	927	935	12	1,2,3,4,5,6,7,8,9,10,11,12
CUL9	1673	1681	12	1,2,3,4,5,6,7,8,9,10,11,12
CXD3	241	248	12	1,2,3,4,5,6,7,8,9,10,11,12
DAAM1	574	582	12	1,2,3,4,5,6,7,8,9,10,11,12
DACH1	142	163	12	1,2,3,4,5,6,7,8,9,10,11,12
DAXX	446	457	12	1,2,3,4,5,6,7,8,9,10,11,12
DC8L2	127	147	12	1,2,3,4,5,6,7,8,9,10,11,12
DCAF8	102	112	12	1,2,3,4,5,6,7,8,9,10,11,12
DDX46	88	103	12	1,2,3,4,5,6,7,8,9,10,11,12
DEAF1	20	33	12	1,2,3,4,5,6,7,8,9,10,11,12
DEN4B	897	910	12	1,2,3,4,5,6,7,8,9,10,11,12
DHX36	39	46	12	1,2,3,4,5,6,7,8,9,10,11,12
DHX57	38	49	12	1,2,3,4,5,6,7,8,9,10,11,12
DIAP1	610	620	12	1,2,3,4,5,6,7,8,9,10,11,12
DIAP1	621	622	12	1,2,3,4,5,6,7,8,9,10,11,12
DIAP3	591	598	12	1,2,3,4,5,6,7,8,9,10,11,12
DLGP3	225	234	12	1,2,3,4,5,6,7,8,9,10,11,12
DMRTA	59	67	12	1,2,3,4,5,6,7,8,9,10,11,12
DMRTB	269	279	12	1,2,3,4,5,6,7,8,9,10,11,12
DPOG1	45	55	12	1,2,3,4,5,6,7,8,9,10,11,12
DSPP	570	575	12	1,3,4,5,6,7,8,9,10,11,12,13
DSPP	622	625	12	1,2,3,5,6,7,8,9,10,11,12,13
DSPP	719	723	12	1,2,3,5,6,7,8,9,10,11,12,13
DSPP	725	726	12	1,3,4,5,6,7,8,9,10,11,12,13
DSPP	783	788	12	1,2,3,5,6,7,8,9,10,11,12,13
DSPP	861	862	12	1,3,4,5,6,7,8,9,10,11,12,13
DSPP	887	890	12	1,3,4,5,6,7,8,9,10,11,12,13
DSPP	1160	1236	12	1,2,3,4,5,6,7,8,9,10,11,12
DSPP	1237	1261	12	1,2,3,4,5,6,7,8,9,10,11,12
DYR1A	609	619	12	1,2,3,4,5,6,7,8,9,10,11,12
E2F4	310	319	12	1,2,3,4,5,6,7,8,9,10,11,12
ECM2	272	285	12	1,2,3,4,5,6,7,8,9,10,11,12
EDA	187	194	12	1,2,3,4,5,6,7,8,9,10,11,12
EDA	199	208	12	1,2,3,4,5,6,7,8,9,10,11,12
EDA	217	223	12	1,2,3,4,5,6,7,8,9,10,11,12
EDC4	619	629	12	1,2,3,4,5,6,7,8,9,10,11,12
EGR1	69	76	12	1,2,3,4,5,6,7,8,9,10,11,12
EGR2	301	309	12	1,2,3,4,5,6,7,8,9,10,11,12
EHMT2	302	323	12	1,2,3,4,5,6,7,8,9,10,11,12
ELN	304	311	12	1,2,3,4,5,6,7,8,9,10,11,12
ELN	446	458	12	1,2,3,4,5,6,7,8,9,10,11,12
EMID1	246	259	12	1,2,3,4,5,6,7,8,9,10,11,12
EMID1	297	299	12	1,2,3,4,5,6,7,8,9,10,11,12
EMID1	303	308	12	1,2,3,4,5,6,7,8,9,10,11,12
EOMES	119	130	12	1,2,3,4,5,6,7,8,9,10,11,12
EP400	428	437	12	1,2,3,4,5,6,7,8,9,10,11,12
EP400	2545	2563	12	1,2,3,4,5,6,7,8,9,10,11,12
EP400	2758	2784	12	1,2,3,4,5,6,7,8,9,10,11,12
EPHB6	166	176	12	1,2,3,4,5,6,7,8,9,10,11,12
EPIPL	4629	4643	12	1,2,3,4,5,6,8,9,10,11,12,13
ERFE	112	123	12	1,2,3,4,5,6,7,8,9,10,11,12
ERIP6	33	56	12	1,2,3,4,5,6,7,8,9,10,11,12
ESPN	598	605	12	1,2,3,4,5,6,7,8,9,10,11,12
EVX2	298	305	12	1,2,3,4,5,6,7,8,9,10,11,12
EVX2	361	370	12	1,2,3,4,5,6,7,8,9,10,11,12
EVX2	415	428	12	1,2,3,4,5,6,7,8,9,10,11,12
F157A	73	84	12	1,2,3,4,5,6,7,8,9,10,11,12
F157B	74	85	12	1,2,3,4,5,6,7,8,9,10,11,12
F157C	75	88	12	1,2,3,4,5,6,7,8,9,10,11,12
F171B	45	56	12	1,2,3,4,5,6,7,8,9,10,11,12
F193B	172	185	12	1,2,3,4,5,6,7,8,9,10,11,12
FA98A	460	473	12	1,2,3,4,5,6,7,8,9,10,11,12
FA98B	340	346	12	1,2,3,4,5,6,7,8,9,10,11,12
FA98B	418	429	12	1,2,3,4,5,6,7,8,9,10,11,12
FAM9A	223	246	12	1,2,3,4,5,6,7,8,9,10,11,12
FAM9A	263	275	12	1,2,3,4,5,6,7,8,9,10,11,12
FBRL	47	58	12	1,2,3,4,5,6,7,8,9,10,11,12
FBRS	313	329	12	1,2,3,4,5,6,7,8,9,10,11,12
FBX11	24	49	12	1,2,3,4,5,6,7,8,9,10,11,12
FBX11	57	66	12	1,2,3,4,5,6,7,8,9,10,11,12
FBX3	424	433	12	1,2,3,4,5,6,7,8,9,10,11,12
FBX41	53	61	12	1,2,3,4,5,6,7,8,9,10,11,12
FEV	146	155	12	1,2,3,4,5,6,7,8,9,10,11,12
FEZF2	104	117	12	1,2,3,4,5,6,7,8,9,10,11,12
FHDC1	34	43	12	1,2,3,4,5,6,7,8,9,10,11,12
FILA2	547	554	12	1,2,3,4,5,6,8,9,10,11,12,13
FILA2	622	629	12	1,2,3,4,5,6,8,9,10,11,12,13
FIP1	462	477	12	1,2,3,4,5,6,7,8,9,10,11,12
FKBP8	38	46	12	1,2,3,4,5,6,7,8,9,10,11,12
FMN1	905	912	12	1,2,3,4,5,6,7,8,9,10,11,12
FMN2	218	225	12	1,2,3,4,5,6,7,8,9,10,11,12
FMNL1	604	612	12	1,2,3,4,5,6,7,8,9,10,11,12
FMNL2	554	573	12	1,2,3,4,5,6,7,8,9,10,11,12
FMNL3	520	532	12	1,2,3,4,5,6,7,8,9,10,11,12
FNBP4	908	918	12	1,2,3,4,5,6,7,8,9,10,11,12
FOXB2	165	174	12	1,2,3,4,5,6,7,8,9,10,11,12
FOXB2	224	234	12	1,2,3,4,5,6,7,8,9,10,11,12
FOXD1	102	110	12	1,2,3,4,5,6,7,8,9,10,11,12
FOXD3	292	300	12	1,2,3,4,5,6,7,8,9,10,11,12
FOXE1	166	179	12	1,2,3,4,5,6,7,8,9,10,11,12
FOXF1	15	23	12	1,2,3,4,5,6,7,8,9,10,11,12
FOXG1	50	57	12	1,2,3,4,5,6,7,8,9,10,11,12
FOXJ2	298	314	12	1,2,3,4,5,6,7,8,9,10,11,12
FOXL2	223	234	12	1,2,3,4,5,6,7,8,9,10,11,12
FOXP2	152	191	12	1,2,3,4,5,6,7,8,9,10,11,12
FOXP2	220	232	12	1,2,3,4,5,6,7,8,9,10,11,12
FRPD3	1752	1776	12	1,2,3,4,5,6,7,8,9,10,11,12
FUBP1	18	26	12	1,2,3,4,5,6,7,8,9,10,11,12
FUBP2	20	31	12	1,2,3,4,5,6,7,8,9,10,11,12
FUBP2	44	53	12	1,2,3,4,5,6,7,8,9,10,11,12
FUCO2	16	21	12	1,2,3,4,5,6,7,8,9,10,11,12
FUS	167	175	12	1,2,3,4,5,6,7,8,9,10,11,12
FUS	222	231	12	1,2,3,4,5,6,7,8,9,10,11,12
FUS	397	409	12	1,2,3,4,5,6,7,8,9,10,11,12
FXL17	221	231	12	1,2,3,4,5,6,7,8,9,10,11,12
FZD8	641	663	12	1,2,3,4,5,6,7,8,9,10,11,12
GATA6	175	183	12	1,2,3,4,5,6,7,8,9,10,11,12
GDF11	31	41	12	1,2,3,4,5,6,7,8,9,10,11,12
GG6L2	800	815	12	1,2,3,4,5,6,8,9,10,11,12,13
GLDN	236	253	12	1,2,3,4,5,6,7,8,9,10,11,12
GLU2B	316	325	12	1,2,3,4,5,6,7,8,9,10,11,12
GSE1	341	354	12	1,2,3,4,5,6,7,8,9,10,11,12
GSK3A	28	35	12	1,2,3,4,5,6,7,8,9,10,11,12
GSLG1	75	84	12	1,2,3,4,5,6,7,8,9,10,11,12
GSX2	149	162	12	1,2,3,4,5,6,7,8,9,10,11,12
GT2D1	914	923	12	1,2,3,4,5,6,7,8,9,10,11,12
HAND2	23	32	12	1,2,3,4,5,6,7,8,9,10,11,12
HCLS1	365	375	12	1,2,3,4,5,6,7,8,9,10,11,12
HCN1	65	74	12	1,2,3,4,5,6,7,8,9,10,11,12
HCN2	24	31	12	1,2,3,4,5,6,7,8,9,10,11,12
HCN2	35	44	12	1,2,3,4,5,6,7,8,9,10,11,12
HD	20	38	12	1,2,3,4,5,6,7,8,9,10,11,12
HD	39	49	12	1,2,3,4,5,6,7,8,9,10,11,12
HD	67	76	12	1,2,3,4,5,6,7,8,9,10,11,12
HDGR2	257	264	12	1,2,3,4,5,6,7,8,9,10,11,12
HEG1	661	672	12	1,2,3,4,5,6,7,8,9,10,11,12
HGB1A	186	209	12	1,2,3,4,5,6,7,8,9,10,11,12
HME1	201	208	12	1,2,3,4,5,6,7,8,9,10,11,12
HME1	210	218	12	1,2,3,4,5,6,7,8,9,10,11,12
HMX3	63	73	12	1,2,3,4,5,6,7,8,9,10,11,12
HNF6	126	134	12	1,2,3,4,5,6,7,8,9,10,11,12
HNRL1	698	710	12	1,2,3,4,5,6,7,8,9,10,11,12
HNRL2	76	87	12	1,2,3,4,5,6,7,8,9,10,11,12
HNRPU	86	94	12	1,2,3,4,5,6,7,8,9,10,11,12
HOMEZ	530	537	12	1,2,3,4,5,6,7,8,9,10,11,12
HORN	277	282	12	1,2,3,4,5,6,8,9,10,11,12,13
HORN	314	321	12	1,2,3,4,5,6,8,9,10,11,12,13
HORN	515	516	12	1,2,3,4,5,6,8,9,10,11,12,13
HORN	640	645	12	1,2,3,4,5,6,8,9,10,11,12,13
HORN	653	657	12	1,2,3,4,5,6,8,9,10,11,12,13
HORN	708	710	12	1,2,3,4,5,6,8,9,10,11,12,13
HORN	788	790	12	1,2,3,4,5,6,8,9,10,11,12,13
HORN	910	919	12	1,2,3,4,5,6,8,9,10,11,12,13
HORN	923	930	12	1,2,3,4,5,6,8,9,10,11,12,13
HORN	975	982	12	1,2,3,4,5,6,8,9,10,11,12,13
HORN	1095	1101	12	1,2,3,4,5,6,8,9,10,11,12,13
HORN	1109	1113	12	1,2,3,4,5,6,8,9,10,11,12,13
HORN	1262	1270	12	1,2,3,4,5,6,8,9,10,11,12,13
HORN	1366	1374	12	1,2,3,4,5,6,8,9,10,11,12,13
HORN	1379	1388	12	1,2,3,4,5,6,8,9,10,11,12,13
HORN	1392	1399	12	1,2,3,4,5,6,8,9,10,11,12,13
HORN	1445	1452	12	1,2,3,4,5,6,8,9,10,11,12,13
HORN	1485	1493	12	1,2,3,4,5,6,8,9,10,11,12,13
HORN	1498	1506	12	1,2,3,4,5,6,8,9,10,11,12,13
HORN	1683	1687	12	1,2,3,4,5,6,8,9,10,11,12,13
HORN	1810	1818	12	1,2,3,4,5,6,8,9,10,11,12,13
HORN	1823	1827	12	1,2,3,4,5,6,8,9,10,11,12,13
HXA13	40	51	12	1,2,3,4,5,6,7,8,9,10,11,12
HXA13	75	84	12	1,2,3,4,5,6,7,8,9,10,11,12
HXA13	118	133	12	1,2,3,4,5,6,7,8,9,10,11,12
HXB3	156	164	12	1,2,3,4,5,6,7,8,9,10,11,12
HXB3	169	178	12	1,2,3,4,5,6,7,8,9,10,11,12
HXB4	75	87	12	1,2,3,4,5,6,7,8,9,10,11,12
HXD11	88	98	12	1,2,3,4,5,6,7,8,9,10,11,12
HXD11	111	120	12	1,2,3,4,5,6,7,8,9,10,11,12
HXD13	59	71	12	1,2,3,4,5,6,7,8,9,10,11,12
HXD9	132	140	12	1,2,3,4,5,6,7,8,9,10,11,12
I2BPL	91	102	12	1,2,3,4,5,6,7,8,9,10,11,12
I2BPL	103	127	12	1,2,3,4,5,6,7,8,9,10,11,12
I2BPL	155	164	12	1,2,3,4,5,6,7,8,9,10,11,12
IF2P	533	543	12	1,2,3,4,5,6,7,8,9,10,11,12
IL27A	166	176	12	1,2,3,4,5,6,7,8,9,10,11,12
IQEC3	85	88	12	1,2,3,4,5,6,7,8,9,10,11,12
IRS4	631	639	12	1,2,3,4,5,6,7,8,9,10,11,12
JCAD	850	859	12	1,2,3,4,5,6,7,8,9,10,11,12
JIP2	96	103	12	1,2,3,4,5,6,7,8,9,10,11,12
JMJD6	346	355	12	1,2,3,4,5,6,7,8,9,10,11,12
JMY	813	825	12	1,2,3,4,5,6,7,8,9,10,11,12
K1C10	126	140	12	1,2,3,4,5,6,7,8,9,10,11,12
K1C10	478	483	12	1,2,3,4,5,6,7,8,9,10,11,12
K1C10	504	522	12	1,2,3,4,5,6,7,8,9,10,11,12
K1C10	531	557	12	1,2,3,4,5,6,7,8,9,10,11,12
K1C13	62	69	12	1,2,3,4,5,6,7,8,9,10,11,12
K1C14	101	110	12	1,2,3,4,5,6,7,8,9,10,11,12
K1C16	87	89	12	1,2,3,4,5,6,7,8,9,10,11,12
K1C16	103	111	12	1,2,3,4,5,6,7,8,9,10,11,12
K1C9	498	510	12	1,2,3,4,5,6,7,8,9,10,11,12
K1C9	521	538	12	1,2,3,4,5,6,7,8,9,10,11,12
K1C9	573	589	12	1,2,3,4,5,6,7,8,9,10,11,12
K22E	608	611	12	1,2,3,4,5,6,7,8,9,10,11,12
K22E	615	621	12	1,2,3,4,5,6,7,8,9,10,11,12
K22O	117	130	12	1,2,3,4,5,6,7,8,9,10,11,12
K2C1	98	115	12	1,2,3,4,5,6,7,8,9,10,11,12
K2C1	127	140	12	1,2,3,4,5,6,7,8,9,10,11,12
K2C1	516	524	12	1,2,3,4,5,6,7,8,9,10,11,12
K2C1	569	574	12	1,2,3,4,5,6,7,8,9,10,11,12
K2C3	120	141	12	1,2,3,4,5,6,7,8,9,10,11,12
K2C5	128	129	12	1,2,3,4,5,6,7,8,9,10,11,12
KAT2A	46	53	12	1,2,3,4,5,6,7,8,9,10,11,12
KAT6A	1685	1700	12	1,2,3,4,5,6,7,8,9,10,11,12
KAT6B	1078	1089	12	1,2,3,4,5,6,7,8,9,10,11,12
KAT6B	1091	1104	12	1,2,3,4,5,6,7,8,9,10,11,12
KAT6B	1353	1368	12	1,2,3,4,5,6,7,8,9,10,11,12
KCMA1	6	21	12	1,2,3,4,5,6,7,8,9,10,11,12
KCMA1	41	60	12	1,2,3,4,5,6,7,8,9,10,11,12
KCNA4	128	137	12	1,2,3,4,5,6,7,8,9,10,11,12
KCNN3	32	41	12	1,2,3,4,5,6,7,8,9,10,11,12
KCNN3	67	80	12	1,2,3,4,5,6,7,8,9,10,11,12
KDM1A	10	18	12	1,2,3,4,5,6,7,8,9,10,11,12
KDM2A	858	866	12	1,2,3,4,5,6,7,8,9,10,11,12
KDM6B	252	264	12	1,2,3,4,5,6,7,8,9,10,11,12
KLH11	7	16	12	1,2,3,4,5,6,7,8,9,10,11,12
KLHL1	75	81	12	1,2,3,4,5,6,7,8,9,10,11,12
KMT2A	90	96	12	1,2,3,4,5,6,7,8,9,10,11,12
KMT2D	3601	3612	12	1,2,3,4,5,6,7,8,9,10,11,12
KMT2D	3738	3745	12	1,2,3,4,5,6,7,8,9,10,11,12
KMT2D	3901	3965	12	1,2,3,4,5,6,7,8,9,10,11,12
KMT5A	14	23	12	1,2,3,4,5,6,7,8,9,10,11,12
KR171	62	78	12	1,2,3,4,5,6,7,8,9,10,11,12
KR191	53	56	12	1,2,3,4,5,6,7,8,9,10,11,12
KR191	60	65	12	1,2,3,4,5,6,7,8,9,10,11,12
KR191	69	74	12	1,2,3,4,5,6,7,8,9,10,11,12
KR193	40	47	12	1,2,3,4,5,6,7,8,9,10,11,12
KR193	51	56	12	1,2,3,4,5,6,7,8,9,10,11,12
KR193	60	65	12	1,2,3,4,5,6,7,8,9,10,11,12
KR511	13	23	12	1,2,3,4,5,6,7,8,9,10,11,12
KR511	27	36	12	1,2,3,4,5,6,7,8,9,10,11,12
KRA51	4	8	12	1,2,3,5,6,7,8,9,10,11,12,13
KRA51	16	20	12	1,2,3,5,6,7,8,9,10,11,12,13
KRA51	32	36	12	1,2,3,5,6,7,8,9,10,11,12,13
KRA51	73	78	12	1,2,3,4,5,6,8,9,10,11,12,13
KRA51	83	88	12	1,2,3,4,5,6,8,9,10,11,12,13
KRA51	93	98	12	1,2,3,4,5,6,8,9,10,11,12,13
KRA51	103	108	12	1,2,3,4,5,6,8,9,10,11,12,13
KRA51	113	118	12	1,2,3,4,5,6,8,9,10,11,12,13
KRA51	122	131	12	1,2,3,4,5,6,8,9,10,11,12,13
KRA51	169	171	12	1,2,3,5,6,7,8,9,10,11,12,13
KRA51	176	181	12	1,2,3,5,6,7,8,9,10,11,12,13
KRA51	186	191	12	1,2,3,5,6,7,8,9,10,11,12,13
KRA51	196	200	12	1,2,3,5,6,7,8,9,10,11,12,13
KRA51	205	209	12	1,2,3,5,6,7,8,9,10,11,12,13
KRA52	13	23	12	1,2,3,4,5,6,7,8,9,10,11,12
KRA52	27	32	12	1,2,3,4,5,6,7,8,9,10,11,12
KRA52	43	48	12	1,2,3,4,5,6,7,8,9,10,11,12
KRA54	13	50	12	1,2,3,4,5,6,7,8,9,10,11,12
KRA55	20	49	12	1,2,3,4,5,6,7,8,9,10,11,12
KRA56	13	29	12	1,2,3,4,5,6,7,8,9,10,11,12
LAR1B	151	164	12	1,2,3,4,5,6,7,8,9,10,11,12
LARP1	341	353	12	1,2,3,4,5,6,7,8,9,10,11,12
LATS2	470	480	12	1,2,3,4,5,6,7,8,9,10,11,12
LC7L3	325	335	12	1,2,3,4,5,6,7,8,9,10,11,12
LCE1A	44	68	12	1,2,3,4,5,6,7,8,9,10,11,12
LCE1E	44	58	12	1,2,3,4,5,6,7,8,9,10,11,12
LCE1E	62	76	12	1,2,3,4,5,6,7,8,9,10,11,12
LCE1F	47	76	12	1,2,3,4,5,6,7,8,9,10,11,12
LCE2A	12	26	12	1,2,3,4,5,6,7,8,9,10,11,12
LCORL	11	22	12	1,2,3,4,5,6,7,8,9,10,11,12
LHPL3	6	14	12	1,2,3,4,5,6,7,8,9,10,11,12
LIN7A	219	226	12	1,2,3,4,5,6,7,8,9,10,11,12
LIRB1	474	479	12	1,2,3,4,5,6,7,8,9,10,11,12
LIRB2	474	479	12	1,2,3,4,5,6,7,8,9,10,11,12
LMOD2	423	433	12	1,2,3,4,5,6,7,8,9,10,11,12
LMOD2	441	448	12	1,2,3,4,5,6,7,8,9,10,11,12
LORI	94	100	12	1,2,3,4,5,6,7,8,9,10,11,12
LORI	105	110	12	1,2,3,4,5,6,7,8,9,10,11,12
LORI	115	125	12	1,2,3,4,5,6,7,8,9,10,11,12
LORI	130	140	12	1,2,3,4,5,6,7,8,9,10,11,12
LORI	145	150	12	1,2,3,4,5,6,7,8,9,10,11,12
LORI	171	173	12	1,2,3,4,5,6,7,8,9,10,11,12
LORI	178	184	12	1,2,3,4,5,6,7,8,9,10,11,12
LORI	228	238	12	1,2,3,4,5,6,7,8,9,10,11,12
LRCH2	19	24	12	1,2,3,4,5,6,7,8,9,10,11,12
LRCH2	32	44	12	1,2,3,4,5,6,7,8,9,10,11,12
LRP8	15	24	12	1,2,3,4,5,6,7,8,9,10,11,12
LUR1L	48	58	12	1,2,3,4,5,6,7,8,9,10,11,12
M3K11	22	30	12	1,2,3,4,5,6,7,8,9,10,11,12
M3K4	27	36	12	1,2,3,4,5,6,7,8,9,10,11,12
M3K4	1192	1199	12	1,2,3,4,5,6,7,8,9,10,11,12
M3K9	32	38	12	1,2,3,4,5,6,7,8,9,10,11,12
MAF	227	238	12	1,2,3,4,5,6,7,8,9,10,11,12
MAGI1	403	421	12	1,2,3,4,5,6,7,8,9,10,11,12
MAMD1	494	502	12	1,2,3,4,5,6,7,8,9,10,11,12
MAMD1	598	606	12	1,2,3,4,5,6,7,8,9,10,11,12
MAML2	591	621	12	1,2,3,4,5,6,7,8,9,10,11,12
MAML2	640	665	12	1,2,3,4,5,6,7,8,9,10,11,12
MAML3	487	510	12	1,2,3,4,5,6,7,8,9,10,11,12
MAML3	635	650	12	1,2,3,4,5,6,7,8,9,10,11,12
MAZ	98	108	12	1,2,3,4,5,6,7,8,9,10,11,12
MAZ	437	448	12	1,2,3,4,5,6,7,8,9,10,11,12
MBD2	79	96	12	1,2,3,4,5,6,7,8,9,10,11,12
MBTP2	115	136	12	1,2,3,4,5,6,7,8,9,10,11,12
MED12	2054	2076	12	1,2,3,4,5,6,7,8,9,10,11,12
MED12	2093	2115	12	1,2,3,4,5,6,7,8,9,10,11,12
MED15	163	173	12	1,2,3,4,5,6,7,8,9,10,11,12
MED15	208	218	12	1,2,3,4,5,6,7,8,9,10,11,12
MED15	248	262	12	1,2,3,4,5,6,7,8,9,10,11,12
MEF2A	422	430	12	1,2,3,4,5,6,7,8,9,10,11,12
MEF2A	431	442	12	1,2,3,4,5,6,7,8,9,10,11,12
MEIOS	455	465	12	1,2,3,4,5,6,7,8,9,10,11,12
MEOX2	70	80	12	1,2,3,4,5,6,7,8,9,10,11,12
MESP2	180	205	12	1,2,3,4,5,6,7,8,9,10,11,12
MEX3B	495	508	12	1,2,3,4,5,6,7,8,9,10,11,12
MEX3C	23	31	12	1,2,3,4,5,6,7,8,9,10,11,12
MEX3D	12	20	12	1,2,3,4,5,6,7,8,9,10,11,12
MICLK	459	470	12	1,2,3,4,5,6,7,8,9,10,11,12
MIER1	86	94	12	1,2,3,4,5,6,7,8,9,10,11,12
MMPOS	41	50	12	1,2,3,4,5,6,7,8,9,10,11,12
MN1	295	306	12	1,2,3,4,5,6,7,8,9,10,11,12
MN1	525	550	12	1,2,3,4,5,6,7,8,9,10,11,12
MNX1	123	134	12	1,2,3,4,5,6,7,8,9,10,11,12
MSH3	53	62	12	1,2,3,4,5,6,7,8,9,10,11,12
MSH3	63	66	12	1,2,3,4,5,6,7,8,9,10,11,12
MUC2	1399	1410	12	1,2,3,4,5,6,7,8,9,10,11,12
MUC2	1416	1442	12	1,2,3,4,5,6,7,8,9,10,11,12
MUC2	1462	1500	12	1,2,3,4,5,6,7,8,9,10,11,12
MUC2	1516	1545	12	1,2,3,4,5,6,7,8,9,10,11,12
MUC2	1549	1587	12	1,2,3,4,5,6,7,8,9,10,11,12
MUC2	1594	1624	12	1,2,3,4,5,6,7,8,9,10,11,12
MUC2	1628	1685	12	1,2,3,4,5,6,7,8,9,10,11,12
MUC2	1688	1695	12	1,2,3,4,5,6,7,8,9,10,11,12
MUC2	1697	1698	12	1,2,3,4,5,6,7,8,9,10,11,12
MUC2	1898	1914	12	1,2,3,4,5,6,7,8,9,10,11,12
MUC2	1920	1937	12	1,2,3,4,5,6,7,8,9,10,11,12
MUC2	1943	1960	12	1,2,3,4,5,6,7,8,9,10,11,12
MUC2	1966	1983	12	1,2,3,4,5,6,7,8,9,10,11,12
MUC2	1989	2006	12	1,2,3,4,5,6,7,8,9,10,11,12
MUC2	2012	2029	12	1,2,3,4,5,6,7,8,9,10,11,12
MUC2	2035	2052	12	1,2,3,4,5,6,7,8,9,10,11,12
MUC2	2058	2075	12	1,2,3,4,5,6,7,8,9,10,11,12
MUC2	2081	2098	12	1,2,3,4,5,6,7,8,9,10,11,12
MUC2	2104	2121	12	1,2,3,4,5,6,7,8,9,10,11,12
MUC2	2127	2144	12	1,2,3,4,5,6,7,8,9,10,11,12
MUC2	2150	2167	12	1,2,3,4,5,6,7,8,9,10,11,12
MUC2	2173	2190	12	1,2,3,4,5,6,7,8,9,10,11,12
MUC2	2196	2213	12	1,2,3,4,5,6,7,8,9,10,11,12
MUC2	2219	2236	12	1,2,3,4,5,6,7,8,9,10,11,12
MUC2	2242	2259	12	1,2,3,4,5,6,7,8,9,10,11,12
MUC2	2265	2282	12	1,2,3,4,5,6,7,8,9,10,11,12
MUC2	2288	2305	12	1,2,3,4,5,6,7,8,9,10,11,12
MUC2	2311	2328	12	1,2,3,4,5,6,7,8,9,10,11,12
MUC2	2334	2351	12	1,2,3,4,5,6,7,8,9,10,11,12
MUC2	2357	2374	12	1,2,3,4,5,6,7,8,9,10,11,12
MUC2	2380	2397	12	1,2,3,4,5,6,7,8,9,10,11,12
MUC2	2403	2420	12	1,2,3,4,5,6,7,8,9,10,11,12
MUC2	2426	2443	12	1,2,3,4,5,6,7,8,9,10,11,12
MUC2	2449	2466	12	1,2,3,4,5,6,7,8,9,10,11,12
MUC2	2472	2489	12	1,2,3,4,5,6,7,8,9,10,11,12
MUC2	2495	2512	12	1,2,3,4,5,6,7,8,9,10,11,12
MUC2	2518	2535	12	1,2,3,4,5,6,7,8,9,10,11,12
MUC2	2541	2558	12	1,2,3,4,5,6,7,8,9,10,11,12
MUC2	2564	2581	12	1,2,3,4,5,6,7,8,9,10,11,12
MUC2	2587	2604	12	1,2,3,4,5,6,7,8,9,10,11,12
MUC2	2610	2627	12	1,2,3,4,5,6,7,8,9,10,11,12
MUC2	2633	2650	12	1,2,3,4,5,6,7,8,9,10,11,12
MUC2	2656	2673	12	1,2,3,4,5,6,7,8,9,10,11,12
MUC2	2679	2696	12	1,2,3,4,5,6,7,8,9,10,11,12
MUC2	2702	2719	12	1,2,3,4,5,6,7,8,9,10,11,12
MUC2	2725	2742	12	1,2,3,4,5,6,7,8,9,10,11,12
MUC2	2748	2765	12	1,2,3,4,5,6,7,8,9,10,11,12
MUC2	2771	2788	12	1,2,3,4,5,6,7,8,9,10,11,12
MUC2	2794	2811	12	1,2,3,4,5,6,7,8,9,10,11,12
MUC2	2817	2834	12	1,2,3,4,5,6,7,8,9,10,11,12
MUC2	2840	2857	12	1,2,3,4,5,6,7,8,9,10,11,12
MUC2	2863	2880	12	1,2,3,4,5,6,7,8,9,10,11,12
MUC2	2886	2903	12	1,2,3,4,5,6,7,8,9,10,11,12
MUC2	2909	2926	12	1,2,3,4,5,6,7,8,9,10,11,12
MUC2	2932	2949	12	1,2,3,4,5,6,7,8,9,10,11,12
MUC2	2955	2972	12	1,2,3,4,5,6,7,8,9,10,11,12
MUC2	2978	2995	12	1,2,3,4,5,6,7,8,9,10,11,12
MUC2	3006	3018	12	1,2,3,4,5,6,7,8,9,10,11,12
MUC2	3024	3041	12	1,2,3,4,5,6,7,8,9,10,11,12
MUC2	3047	3064	12	1,2,3,4,5,6,7,8,9,10,11,12
MUC2	3070	3087	12	1,2,3,4,5,6,7,8,9,10,11,12
MUC2	3093	3110	12	1,2,3,4,5,6,7,8,9,10,11,12
MUC2	3116	3133	12	1,2,3,4,5,6,7,8,9,10,11,12
MUC2	3139	3156	12	1,2,3,4,5,6,7,8,9,10,11,12
MUC2	3162	3179	12	1,2,3,4,5,6,7,8,9,10,11,12
MUC2	3185	3202	12	1,2,3,4,5,6,7,8,9,10,11,12
MUC2	3208	3225	12	1,2,3,4,5,6,7,8,9,10,11,12
MUC2	3231	3248	12	1,2,3,4,5,6,7,8,9,10,11,12
MUC2	3254	3271	12	1,2,3,4,5,6,7,8,9,10,11,12
MUC2	3277	3294	12	1,2,3,4,5,6,7,8,9,10,11,12
MUC2	3300	3317	12	1,2,3,4,5,6,7,8,9,10,11,12
MUC2	3323	3340	12	1,2,3,4,5,6,7,8,9,10,11,12
MUC2	3346	3363	12	1,2,3,4,5,6,7,8,9,10,11,12
MUC2	3369	3386	12	1,2,3,4,5,6,7,8,9,10,11,12
MUC2	3392	3409	12	1,2,3,4,5,6,7,8,9,10,11,12
MUC2	3415	3432	12	1,2,3,4,5,6,7,8,9,10,11,12
MUC2	3438	3455	12	1,2,3,4,5,6,7,8,9,10,11,12
MUC2	3461	3478	12	1,2,3,4,5,6,7,8,9,10,11,12
MUC2	3484	3501	12	1,2,3,4,5,6,7,8,9,10,11,12
MUC2	3507	3524	12	1,2,3,4,5,6,7,8,9,10,11,12
MUC2	3530	3547	12	1,2,3,4,5,6,7,8,9,10,11,12
MUC2	3553	3570	12	1,2,3,4,5,6,7,8,9,10,11,12
MUC2	3576	3593	12	1,2,3,4,5,6,7,8,9,10,11,12
MUC2	3599	3616	12	1,2,3,4,5,6,7,8,9,10,11,12
MUC2	3622	3639	12	1,2,3,4,5,6,7,8,9,10,11,12
MUC2	3645	3662	12	1,2,3,4,5,6,7,8,9,10,11,12
MUC2	3668	3685	12	1,2,3,4,5,6,7,8,9,10,11,12
MUC2	3691	3708	12	1,2,3,4,5,6,7,8,9,10,11,12
MUC2	3714	3731	12	1,2,3,4,5,6,7,8,9,10,11,12
MUC2	3737	3754	12	1,2,3,4,5,6,7,8,9,10,11,12
MUC2	3760	3777	12	1,2,3,4,5,6,7,8,9,10,11,12
MUC2	3783	3800	12	1,2,3,4,5,6,7,8,9,10,11,12
MUC2	3806	3823	12	1,2,3,4,5,6,7,8,9,10,11,12
MUC2	3829	3846	12	1,2,3,4,5,6,7,8,9,10,11,12
MUC2	3852	3869	12	1,2,3,4,5,6,7,8,9,10,11,12
MUC2	3875	3892	12	1,2,3,4,5,6,7,8,9,10,11,12
MUC2	3898	3915	12	1,2,3,4,5,6,7,8,9,10,11,12
MUC2	3921	3938	12	1,2,3,4,5,6,7,8,9,10,11,12
MUC2	3944	3961	12	1,2,3,4,5,6,7,8,9,10,11,12
MUC2	3967	3984	12	1,2,3,4,5,6,7,8,9,10,11,12
MUC2	3990	4007	12	1,2,3,4,5,6,7,8,9,10,11,12
MUC2	4013	4030	12	1,2,3,4,5,6,7,8,9,10,11,12
MUC2	4036	4053	12	1,2,3,4,5,6,7,8,9,10,11,12
MUC2	4059	4076	12	1,2,3,4,5,6,7,8,9,10,11,12
MUC2	4082	4099	12	1,2,3,4,5,6,7,8,9,10,11,12
MUC2	4105	4122	12	1,2,3,4,5,6,7,8,9,10,11,12
MUC2	4128	4145	12	1,2,3,4,5,6,7,8,9,10,11,12
MUC2	4151	4168	12	1,2,3,4,5,6,7,8,9,10,11,12
MUC2	4174	4191	12	1,2,3,4,5,6,7,8,9,10,11,12
MUC22	875	887	12	1,2,3,4,5,6,8,9,10,11,12,13
MUC22	964	967	12	1,2,3,4,5,6,8,9,10,11,12,13
MUC22	1014	1025	12	1,2,3,4,5,6,8,9,10,11,12,13
MUC22	1094	1098	12	1,2,3,4,5,6,8,9,10,11,12,13
MUC22	1122	1124	12	1,2,3,4,5,6,8,9,10,11,12,13
MUC22	1145	1148	12	1,2,3,4,5,6,8,9,10,11,12,13
MUC22	1305	1308	12	1,2,3,4,5,6,8,9,10,11,12,13
MUC22	1315	1318	12	1,2,3,4,5,6,8,9,10,11,12,13
MUC22	1376	1382	12	1,2,3,4,5,6,8,9,10,11,12,13
MUC3A	1519	1523	12	1,2,3,4,5,6,8,9,10,11,12,13
MUC5A	2401	2422	12	1,2,3,4,5,6,7,8,9,10,11,12
MUC5A	2498	2526	12	1,2,3,4,5,6,7,8,9,10,11,12
MUC5A	2644	2654	12	1,2,3,4,5,6,8,9,10,11,12,13
MUC5A	2705	2722	12	1,2,3,4,5,6,8,9,10,11,12,13
MUC5A	2727	2729	12	1,2,3,5,6,7,8,9,10,11,12,13
MUC5A	2742	2746	12	1,2,3,5,6,7,8,9,10,11,12,13
MUC5A	2753	2760	12	1,2,3,5,6,7,8,9,10,11,12,13
MUC5A	2778	2783	12	1,2,3,5,6,7,8,9,10,11,12,13
MUC5A	2789	2793	12	1,2,3,5,6,7,8,9,10,11,12,13
MUC5A	2800	2801	12	1,2,3,5,6,7,8,9,10,11,12,13
MUC5A	2804	2806	12	1,2,3,5,6,7,8,9,10,11,12,13
MUC5A	2810	2813	12	1,2,3,4,5,6,8,9,10,11,12,13
MUC5A	2825	2830	12	1,2,3,4,5,6,8,9,10,11,12,13
MUC5A	2834	2836	12	1,2,3,4,5,6,8,9,10,11,12,13
MUC5A	2841	2861	12	1,2,3,4,5,6,8,9,10,11,12,13
MUC5A	2866	2869	12	1,2,3,4,5,6,8,9,10,11,12,13
MUC5A	2876	2878	12	1,2,3,4,5,6,8,9,10,11,12,13
MUC5A	2889	2901	12	1,2,3,4,5,6,8,9,10,11,12,13
MUC5A	2905	2918	12	1,2,3,4,5,6,8,9,10,11,12,13
MUC5A	2922	2930	12	1,2,3,4,5,6,8,9,10,11,12,13
MUC5A	3025	3038	12	1,2,3,4,5,6,7,8,9,10,11,12
MUC5A	3042	3047	12	1,2,3,4,5,6,7,8,9,10,11,12
MUC5A	3075	3090	12	1,2,3,4,5,6,8,9,10,11,12,13
MUC5A	3097	3110	12	1,2,3,4,5,6,8,9,10,11,12,13
MUC5A	3142	3143	12	1,2,3,5,6,7,8,9,10,11,12,13
MUC5A	3358	3368	12	1,2,3,4,5,6,8,9,10,11,12,13
MUC5A	3372	3379	12	1,2,3,5,6,7,8,9,10,11,12,13
MUC5A	3400	3402	12	1,2,3,5,6,7,8,9,10,11,12,13
MUC5A	3412	3415	12	1,2,3,4,5,6,8,9,10,11,12,13
MUC5A	3456	3460	12	1,2,3,5,6,7,8,9,10,11,12,13
MUC5A	3463	3466	12	1,2,3,5,6,7,8,9,10,11,12,13
MUC5A	3476	3485	12	1,2,3,4,5,6,8,9,10,11,12,13
MUC5A	3677	3681	12	1,2,3,4,5,6,8,9,10,11,12,13
MUC5A	3690	3693	12	1,2,3,5,6,7,8,9,10,11,12,13
MUC5A	3714	3716	12	1,2,3,5,6,7,8,9,10,11,12,13
MUC5A	3718	3719	12	1,2,3,4,5,6,8,9,10,11,12,13
MUC5A	3726	3729	12	1,2,3,4,5,6,8,9,10,11,12,13
MUC5A	3749	3754	12	1,2,3,4,5,6,8,9,10,11,12,13
MUC5A	3765	3770	12	1,2,3,4,5,6,8,9,10,11,12,13
MUC5A	3772	3774	12	1,2,3,4,5,6,8,9,10,11,12,13
MUC5A	3775	3776	12	1,2,3,4,5,6,8,9,10,11,12,13
MUC5A	3780	3785	12	1,2,3,4,5,6,8,9,10,11,12,13
MUC5A	3796	3801	12	1,2,3,4,5,6,8,9,10,11,12,13
MUC5A	3809	3810	12	1,2,3,4,5,6,8,9,10,11,12,13
MUC5A	3813	3817	12	1,2,3,4,5,6,8,9,10,11,12,13
MUC5A	3821	3823	12	1,2,3,5,6,7,8,9,10,11,12,13
MUC5A	3849	3851	12	1,2,3,5,6,7,8,9,10,11,12,13
MUC5A	4089	4099	12	1,2,3,4,5,6,8,9,10,11,12,13
MUC5A	4126	4139	12	1,2,3,4,5,6,8,9,10,11,12,13
MUC5A	4150	4154	12	1,2,3,4,5,6,8,9,10,11,12,13
MUC5A	4158	4167	12	1,2,3,4,5,6,8,9,10,11,12,13
MUC5A	4195	4202	12	1,2,3,4,5,6,8,9,10,11,12,13
MUC5A	4229	4230	12	1,2,3,5,6,7,8,9,10,11,12,13
MUC5A	4249	4251	12	1,2,3,4,5,6,7,8,9,10,11,12
MUC5B	2586	2587	12	1,2,3,4,5,6,8,9,10,11,12,13
MUC5B	2719	2725	12	1,2,3,4,5,6,8,9,10,11,12,13
MUC5B	3139	3147	12	1,2,3,4,5,6,8,9,10,11,12,13
MUC5B	3838	3844	12	1,2,3,4,5,6,8,9,10,11,12,13
MUC5B	4367	4373	12	1,2,3,4,5,6,8,9,10,11,12,13
MUC5B	4377	4379	12	1,2,3,4,5,6,8,9,10,11,12,13
MUC5B	4383	4384	12	1,2,3,4,5,6,8,9,10,11,12,13
MUC5B	4621	4630	12	1,2,3,4,5,6,7,8,9,10,11,12
MY15B	1004	1012	12	1,2,3,4,5,6,7,8,9,10,11,12
MYL1	16	31	12	1,2,3,4,5,6,7,8,9,10,11,12
MYL4	18	31	12	1,2,3,4,5,6,7,8,9,10,11,12
MYPOP	311	320	12	1,2,3,4,5,6,7,8,9,10,11,12
MYT1	262	273	12	1,2,3,4,5,6,7,8,9,10,11,12
MYT1	275	306	12	1,2,3,4,5,6,7,8,9,10,11,12
MYT1L	153	167	12	1,2,3,4,5,6,7,8,9,10,11,12
NADAP	649	658	12	1,2,3,4,5,6,7,8,9,10,11,12
NAF1	129	145	12	1,2,3,4,5,6,7,8,9,10,11,12
NBPF9	834	847	12	1,2,3,4,5,6,8,9,10,11,12,13
NBPFC	1100	1118	12	1,2,3,4,5,6,8,9,10,11,12,13
NBPFJ	563	573	12	1,2,3,4,5,6,8,9,10,11,12,13
NBPFK	214	229	12	1,2,3,4,5,6,8,9,10,11,12,13
NCBP3	347	359	12	1,2,3,4,5,6,7,8,9,10,11,12
NCKX1	862	868	12	1,2,3,4,5,6,7,8,9,10,11,12
NCKX1	879	890	12	1,2,3,4,5,6,7,8,9,10,11,12
NCOA3	1250	1276	12	1,2,3,4,5,6,7,8,9,10,11,12
NCOA6	262	285	12	1,2,3,4,5,6,7,8,9,10,11,12
NCOR1	1715	1728	12	1,2,3,4,5,6,7,8,9,10,11,12
NCOR2	496	510	12	1,2,3,4,5,6,7,8,9,10,11,12
NDF1	67	75	12	1,2,3,4,5,6,7,8,9,10,11,12
NELFE	198	242	12	1,2,3,4,5,6,7,8,9,10,11,12
NF2L1	498	509	12	1,2,3,4,5,6,7,8,9,10,11,12
NFAT5	1251	1266	12	1,2,3,4,5,6,7,8,9,10,11,12
NIPA1	6	16	12	1,2,3,4,5,6,7,8,9,10,11,12
NKX23	273	286	12	1,2,3,4,5,6,7,8,9,10,11,12
NKX24	78	91	12	1,2,3,4,5,6,7,8,9,10,11,12
NKX61	51	59	12	1,2,3,4,5,6,7,8,9,10,11,12
NKX61	138	150	12	1,2,3,4,5,6,7,8,9,10,11,12
NLK	73	83	12	1,2,3,4,5,6,7,8,9,10,11,12
NOLC1	218	227	12	1,2,3,4,5,6,7,8,9,10,11,12
NP1L3	47	50	12	1,2,3,4,5,6,7,8,9,10,11,12
NP1L3	54	65	12	1,2,3,4,5,6,7,8,9,10,11,12
NPAS3	765	772	12	1,2,3,4,5,6,7,8,9,10,11,12
NPM2	131	148	12	1,2,3,4,5,6,7,8,9,10,11,12
NR1D1	84	93	12	1,2,3,4,5,6,7,8,9,10,11,12
NR4A3	98	108	12	1,2,3,4,5,6,7,8,9,10,11,12
NRDC	155	157	12	1,2,3,4,5,6,7,8,9,10,11,12
NRG2	656	667	12	1,2,3,4,5,6,7,8,9,10,11,12
NUCL	241	271	12	1,2,3,4,5,6,7,8,9,10,11,12
NUCL	668	684	12	1,2,3,4,5,6,7,8,9,10,11,12
NUMBL	430	446	12	1,2,3,4,5,6,7,8,9,10,11,12
OLIG2	227	237	12	1,2,3,4,5,6,7,8,9,10,11,12
ONEC2	41	54	12	1,2,3,4,5,6,7,8,9,10,11,12
ONEC2	168	169	12	1,2,3,4,5,6,7,8,9,10,11,12
ONEC3	58	64	12	1,2,3,4,5,6,7,8,9,10,11,12
OS9	418	429	12	1,2,3,4,5,6,7,8,9,10,11,12
OTU7A	680	689	12	1,2,3,4,5,6,7,8,9,10,11,12
OTX1	137	146	12	1,2,3,4,5,6,7,8,9,10,11,12
PAXI1	191	200	12	1,2,3,4,5,6,7,8,9,10,11,12
PAXI1	510	513	12	1,2,3,4,5,6,7,8,9,10,11,12
PBX1	127	135	12	1,2,3,4,5,6,7,8,9,10,11,12
PBX2	137	145	12	1,2,3,4,5,6,7,8,9,10,11,12
PBX3	130	138	12	1,2,3,4,5,6,7,8,9,10,11,12
PCD16	25	33	12	1,2,3,4,5,6,7,8,9,10,11,12
PCDC2	28	36	12	1,2,3,4,5,6,7,8,9,10,11,12
PCGF6	91	99	12	1,2,3,4,5,6,7,8,9,10,11,12
PCLO	2407	2426	12	1,2,3,4,5,6,7,8,9,10,11,12
PDXL2	164	172	12	1,2,3,4,5,6,7,8,9,10,11,12
PDZD7	775	785	12	1,2,3,4,5,6,7,8,9,10,11,12
PEG10	692	703	12	1,2,3,4,5,6,7,8,9,10,11,12
PELP1	890	908	12	1,2,3,4,5,6,7,8,9,10,11,12
PELP1	945	958	12	1,2,3,4,5,6,7,8,9,10,11,12
PERC1	36	47	12	1,2,3,4,5,6,7,8,9,10,11,12
PHC1	427	439	12	1,2,3,4,5,6,7,8,9,10,11,12
PHF14	118	133	12	1,2,3,4,5,6,7,8,9,10,11,12
PHF23	250	261	12	1,2,3,4,5,6,7,8,9,10,11,12
PHGR1	53	69	12	1,2,3,4,5,6,7,8,9,10,11,12
PHLA1	192	204	12	1,2,3,4,5,6,7,8,9,10,11,12
PHLA1	320	335	12	1,2,3,4,5,6,7,8,9,10,11,12
PHLP1	27	40	12	1,2,3,4,5,6,7,8,9,10,11,12
PHLP2	51	60	12	1,2,3,4,5,6,7,8,9,10,11,12
PHX2B	241	260	12	1,2,3,4,5,6,7,8,9,10,11,12
PI4KA	10	18	12	1,2,3,4,5,6,7,8,9,10,11,12
PIAS4	480	487	12	1,2,3,4,5,6,7,8,9,10,11,12
PININ	577	587	12	1,2,3,4,5,6,7,8,9,10,11,12
PININ	611	612	12	1,2,3,4,5,6,7,8,9,10,11,12
PITM2	614	622	12	1,2,3,4,5,6,7,8,9,10,11,12
PITX3	242	250	12	1,2,3,4,5,6,7,8,9,10,11,12
PKHG5	770	779	12	1,2,3,4,5,6,7,8,9,10,11,12
PLPR3	449	459	12	1,2,3,4,5,6,7,8,9,10,11,12
PMA6E	186	187	12	1,2,3,4,5,6,7,8,9,10,11,12
PMA6F	189	195	12	1,2,3,4,5,6,7,8,9,10,11,12
PNISR	539	545	12	1,2,3,4,5,6,7,8,9,10,11,12
PNISR	616	627	12	1,2,3,4,5,6,7,8,9,10,11,12
PO3F1	29	37	12	1,2,3,4,5,6,7,8,9,10,11,12
PO3F2	71	88	12	1,2,3,4,5,6,7,8,9,10,11,12
PO3F2	129	149	12	1,2,3,4,5,6,7,8,9,10,11,12
PO3F3	31	43	12	1,2,3,4,5,6,7,8,9,10,11,12
PO3F3	106	115	12	1,2,3,4,5,6,7,8,9,10,11,12
PO3F3	192	204	12	1,2,3,4,5,6,7,8,9,10,11,12
PO4F1	150	179	12	1,2,3,4,5,6,7,8,9,10,11,12
PO4F2	57	68	12	1,2,3,4,5,6,7,8,9,10,11,12
PO4F2	174	182	12	1,2,3,4,5,6,7,8,9,10,11,12
PO6F2	187	196	12	1,2,3,4,5,6,7,8,9,10,11,12
PO6F2	450	458	12	1,2,3,4,5,6,7,8,9,10,11,12
PP2BB	13	21	12	1,2,3,4,5,6,7,8,9,10,11,12
PP4R2	301	310	12	1,2,3,4,5,6,7,8,9,10,11,12
PP6R1	674	685	12	1,2,3,4,5,6,7,8,9,10,11,12
PPIG	195	202	12	1,2,3,4,5,6,7,8,9,10,11,12
PPIG	204	208	12	1,2,3,4,5,6,7,8,9,10,11,12
PPM1E	32	48	12	1,2,3,4,5,6,7,8,9,10,11,12
PPRC1	1444	1451	12	1,2,3,4,5,6,7,8,9,10,11,12
PPRC1	1482	1499	12	1,2,3,4,5,6,7,8,9,10,11,12
PR40A	284	294	12	1,2,3,4,5,6,7,8,9,10,11,12
PRAG1	1167	1179	12	1,2,3,4,5,6,7,8,9,10,11,12
PRB2	60	64	12	1,2,3,4,5,6,8,9,10,11,12,13
PRB2	71	75	12	1,2,3,4,5,6,8,9,10,11,12,13
PRB2	81	85	12	1,2,3,4,5,6,8,9,10,11,12,13
PRB2	92	95	12	1,2,3,4,5,6,8,9,10,11,12,13
PRB2	277	280	12	1,2,3,4,5,6,8,9,10,11,12,13
PRB2	286	294	12	1,2,3,4,5,6,8,9,10,11,12,13
PRB2	307	311	12	1,2,3,4,5,6,8,9,10,11,12,13
PRB2	369	372	12	1,2,3,4,5,6,8,9,10,11,12,13
PRB2	381	389	12	1,2,3,4,5,6,8,9,10,11,12,13
PRB2	402	407	12	1,2,3,4,5,6,8,9,10,11,12,13
PRD12	349	359	12	1,2,3,4,5,6,7,8,9,10,11,12
PRDM2	270	276	12	1,2,3,4,5,6,7,8,9,10,11,12
PRDM2	1055	1063	12	1,2,3,4,5,6,7,8,9,10,11,12
PRDM8	589	598	12	1,2,3,4,5,6,7,8,9,10,11,12
PRG4	168	177	12	1,2,3,4,5,6,7,8,9,10,11,12
PRGC2	434	444	12	1,2,3,4,5,6,7,8,9,10,11,12
PRIMA	61	70	12	1,2,3,4,5,6,7,8,9,10,11,12
PRP1	50	54	12	1,2,3,4,5,6,8,9,10,11,12,13
PRP1	60	64	12	1,2,3,4,5,6,8,9,10,11,12,13
PRP1	71	74	12	1,2,3,4,5,6,8,9,10,11,12,13
PRP1	111	115	12	1,2,3,4,5,6,8,9,10,11,12,13
PRP1	121	125	12	1,2,3,4,5,6,8,9,10,11,12,13
PRP1	233	237	12	1,2,3,4,5,6,8,9,10,11,12,13
PRP1	243	246	12	1,2,3,4,5,6,8,9,10,11,12,13
PRP1	315	318	12	1,2,3,4,5,6,8,9,10,11,12,13
PRP1	324	326	12	1,2,3,4,5,6,8,9,10,11,12,13
PRR12	837	845	12	1,2,3,4,5,6,7,8,9,10,11,12
PRR12	1041	1049	12	1,2,3,4,5,6,7,8,9,10,11,12
PTMA	63	69	12	1,2,3,4,5,6,7,8,9,10,11,12
PURA	31	43	12	1,2,3,4,5,6,7,8,9,10,11,12
R3HD1	593	605	12	1,2,3,4,5,6,7,8,9,10,11,12
RAGP1	384	397	12	1,2,3,4,5,6,7,8,9,10,11,12
RAI1	280	291	12	1,2,3,4,5,6,7,8,9,10,11,12
RANB9	83	92	12	1,2,3,4,5,6,7,8,9,10,11,12
RAPH1	630	648	12	1,2,3,4,5,6,7,8,9,10,11,12
RBM10	116	125	12	1,2,3,4,5,6,7,8,9,10,11,12
RBM23	387	393	12	1,2,3,4,5,6,7,8,9,10,11,12
RBM24	164	172	12	1,2,3,4,5,6,7,8,9,10,11,12
RBM24	211	221	12	1,2,3,4,5,6,7,8,9,10,11,12
RBM25	311	347	12	1,2,3,4,5,6,7,8,9,10,11,12
RBM25	359	371	12	1,2,3,4,5,6,7,8,9,10,11,12
RBM25	392	426	12	1,2,3,4,5,6,7,8,9,10,11,12
RBM27	340	358	12	1,2,3,4,5,6,7,8,9,10,11,12
RBM4	286	295	12	1,2,3,4,5,6,7,8,9,10,11,12
RBM47	490	502	12	1,2,3,4,5,6,7,8,9,10,11,12
RBP10	411	422	12	1,2,3,4,5,6,7,8,9,10,11,12
RBP56	414	420	12	1,2,3,4,5,6,7,8,9,10,11,12
RBP56	452	524	12	1,2,3,4,5,6,7,8,9,10,11,12
RBP56	557	575	12	1,2,3,4,5,6,7,8,9,10,11,12
RED	350	377	12	1,2,3,4,5,6,7,8,9,10,11,12
REPS2	5	17	12	1,2,3,4,5,6,7,8,9,10,11,12
RERE	1189	1197	12	1,2,3,4,5,6,7,8,9,10,11,12
REXO1	582	589	12	1,2,3,4,5,6,7,8,9,10,11,12
RFX1	386	399	12	1,2,3,4,5,6,7,8,9,10,11,12
RFX7	850	863	12	1,2,3,4,5,6,7,8,9,10,11,12
RHG33	683	698	12	1,2,3,4,5,6,7,8,9,10,11,12
RIMB1	1264	1274	12	1,2,3,4,5,6,7,8,9,10,11,12
RLA0	293	294	12	1,2,3,4,5,6,7,8,9,10,11,12
RLA0L	293	294	12	1,2,3,4,5,6,7,8,9,10,11,12
RMP	302	311	12	1,2,3,4,5,6,7,8,9,10,11,12
RN126	293	301	12	1,2,3,4,5,6,7,8,9,10,11,12
RNF12	453	476	12	1,2,3,4,5,6,7,8,9,10,11,12
RNF44	290	299	12	1,2,3,4,5,6,7,8,9,10,11,12
RNPS1	97	104	12	1,2,3,4,5,6,7,8,9,10,11,12
ROA2	267	273	12	1,2,3,4,5,6,7,8,9,10,11,12
ROA3	287	293	12	1,2,3,4,5,6,7,8,9,10,11,12
RPB1	1826	1831	12	1,2,3,4,5,6,7,8,9,10,11,12
RPC7L	174	183	12	1,2,3,4,5,6,7,8,9,10,11,12
RS2	36	49	12	1,2,3,4,5,6,7,8,9,10,11,12
RSRP1	82	92	12	1,2,3,4,5,6,7,8,9,10,11,12
RT30	126	135	12	1,2,3,4,5,6,7,8,9,10,11,12
RTN4	34	43	12	1,2,3,4,5,6,7,8,9,10,11,12
RU17	256	267	12	1,2,3,4,5,6,7,8,9,10,11,12
RUNX2	52	71	12	1,2,3,4,5,6,7,8,9,10,11,12
RUNX2	73	89	12	1,2,3,4,5,6,7,8,9,10,11,12
RYR1	1875	1898	12	1,2,3,4,5,6,7,8,9,10,11,12
S12A2	95	107	12	1,2,3,4,5,6,7,8,9,10,11,12
S4A5	452	461	12	1,2,3,4,5,6,7,8,9,10,11,12
S4A5	465	469	12	1,2,3,4,5,6,7,8,9,10,11,12
SALL2	161	170	12	1,2,3,4,5,6,7,8,9,10,11,12
SASH1	13	25	12	1,2,3,4,5,6,7,8,9,10,11,12
SATB1	594	607	12	1,2,3,4,5,6,7,8,9,10,11,12
SBK1	379	390	12	1,2,3,4,5,6,7,8,9,10,11,12
SCGR3	10	33	12	1,2,3,4,5,6,7,8,9,10,11,12
SCGR6	4	31	12	1,2,3,4,5,6,7,8,9,10,11,12
SCGR7	5	30	12	1,2,3,4,5,6,7,8,9,10,11,12
SCGR9	13	26	12	1,2,3,4,5,6,7,8,9,10,11,12
SCGRX	17	39	12	1,2,3,4,5,6,7,8,9,10,11,12
SEM4B	27	35	12	1,2,3,4,5,6,7,8,9,10,11,12
SEM4G	766	774	12	1,2,3,4,5,6,7,8,9,10,11,12
SENP3	76	85	12	1,2,3,4,5,6,7,8,9,10,11,12
SET	266	284	12	1,2,3,4,5,6,7,8,9,10,11,12
SET1A	346	357	12	1,2,3,4,5,6,7,8,9,10,11,12
SET1A	606	616	12	1,2,3,4,5,6,7,8,9,10,11,12
SET1A	1037	1058	12	1,2,3,4,5,6,7,8,9,10,11,12
SET1A	1366	1377	12	1,2,3,4,5,6,7,8,9,10,11,12
SET1B	710	718	12	1,2,3,4,5,6,7,8,9,10,11,12
SETBP	1523	1543	12	1,2,3,4,5,6,7,8,9,10,11,12
SETLP	278	296	12	1,2,3,4,5,6,7,8,9,10,11,12
SF3B2	104	113	12	1,2,3,4,5,6,7,8,9,10,11,12
SFPQ	74	85	12	1,2,3,4,5,6,7,8,9,10,11,12
SFR19	209	220	12	1,2,3,4,5,6,7,8,9,10,11,12
SFR19	270	282	12	1,2,3,4,5,6,7,8,9,10,11,12
SFR19	1024	1039	12	1,2,3,4,5,6,7,8,9,10,11,12
SHE	165	174	12	1,2,3,4,5,6,7,8,9,10,11,12
SHOT1	356	361	12	1,2,3,4,5,6,7,8,9,10,11,12
SHOX2	62	77	12	1,2,3,4,5,6,7,8,9,10,11,12
SHRM4	1134	1151	12	1,2,3,4,5,6,7,8,9,10,11,12
SIA7E	40	49	12	1,2,3,4,5,6,7,8,9,10,11,12
SIK2	823	832	12	1,2,3,4,5,6,7,8,9,10,11,12
SIK3	1004	1013	12	1,2,3,4,5,6,7,8,9,10,11,12
SIL2A	12	15	12	1,2,3,4,5,6,7,8,9,10,11,12
SIL2B	12	15	12	1,2,3,4,5,6,7,8,9,10,11,12
SIX3	41	51	12	1,2,3,4,5,6,7,8,9,10,11,12
SKDA1	227	244	12	1,2,3,4,5,6,7,8,9,10,11,12
SKDA1	305	318	12	1,2,3,4,5,6,7,8,9,10,11,12
SKDA1	339	351	12	1,2,3,4,5,6,7,8,9,10,11,12
SKDA1	419	428	12	1,2,3,4,5,6,7,8,9,10,11,12
SKOR1	518	528	12	1,2,3,4,5,6,7,8,9,10,11,12
SKOR2	657	668	12	1,2,3,4,5,6,7,8,9,10,11,12
SKOR2	697	706	12	1,2,3,4,5,6,7,8,9,10,11,12
SLIK5	802	807	12	1,2,3,4,5,6,7,8,9,10,11,12
SMCA2	218	238	12	1,2,3,4,5,6,7,8,9,10,11,12
SMCA4	232	246	12	1,2,3,4,5,6,7,8,9,10,11,12
SMD1	100	116	12	1,2,3,4,5,6,7,8,9,10,11,12
SNPC4	526	542	12	1,2,3,4,5,6,7,8,9,10,11,12
SOX1	31	43	12	1,2,3,4,5,6,7,8,9,10,11,12
SOX21	156	166	12	1,2,3,4,5,6,7,8,9,10,11,12
SOX21	211	219	12	1,2,3,4,5,6,7,8,9,10,11,12
SOX3	236	248	12	1,2,3,4,5,6,7,8,9,10,11,12
SOX4	389	397	12	1,2,3,4,5,6,7,8,9,10,11,12
SP202	520	529	12	1,2,3,4,5,6,7,8,9,10,11,12
SP8	69	81	12	1,2,3,4,5,6,7,8,9,10,11,12
SP8	107	116	12	1,2,3,4,5,6,7,8,9,10,11,12
SP9	456	470	12	1,2,3,4,5,6,7,8,9,10,11,12
SPAG8	49	58	12	1,2,3,4,5,6,7,8,9,10,11,12
SPRY3	375	383	12	1,2,3,4,5,6,7,8,9,10,11,12
SPT5H	45	53	12	1,2,3,4,5,6,7,8,9,10,11,12
SRBS2	642	650	12	1,2,3,4,5,6,7,8,9,10,11,12
SRCH	195	204	12	1,2,3,4,5,6,7,8,9,10,11,12
SREK1	282	286	12	1,2,3,4,5,6,7,8,9,10,11,12
SREK1	290	294	12	1,2,3,4,5,6,7,8,9,10,11,12
SRP68	12	30	12	1,2,3,4,5,6,7,8,9,10,11,12
SRPK2	26	36	12	1,2,3,4,5,6,7,8,9,10,11,12
SRRM2	2534	2556	12	1,2,3,4,5,6,7,8,9,10,11,12
SRRM2	2609	2648	12	1,2,3,4,5,6,7,8,9,10,11,12
SRRM4	582	595	12	1,2,3,4,5,6,7,8,9,10,11,12
SRS11	21	31	12	1,2,3,4,5,6,7,8,9,10,11,12
SRSF1	207	225	12	1,2,3,4,5,6,7,8,9,10,11,12
SRSF2	123	142	12	1,2,3,4,5,6,7,8,9,10,11,12
SRSF2	149	152	12	1,2,3,4,5,6,7,8,9,10,11,12
SRSF2	179	192	12	1,2,3,4,5,6,7,8,9,10,11,12
SRSF5	192	197	12	1,2,3,4,5,6,7,8,9,10,11,12
SRSF5	199	209	12	1,2,3,4,5,6,7,8,9,10,11,12
SRSF5	215	225	12	1,2,3,4,5,6,7,8,9,10,11,12
SRSF6	196	218	12	1,2,3,4,5,6,7,8,9,10,11,12
SRSF6	327	342	12	1,2,3,4,5,6,7,8,9,10,11,12
SRSF7	128	139	12	1,2,3,4,5,6,7,8,9,10,11,12
STAC3	67	76	12	1,2,3,4,5,6,7,8,9,10,11,12
STRC	9	18	12	1,2,3,4,5,6,7,8,9,10,11,12
STRCL	9	18	12	1,2,3,4,5,6,7,8,9,10,11,12
SYN2	488	496	12	1,2,3,4,5,6,7,8,9,10,11,12
T200C	222	230	12	1,2,3,4,5,6,7,8,9,10,11,12
T229A	190	200	12	1,2,3,4,5,6,7,8,9,10,11,12
T22D1	499	509	12	1,2,3,4,5,6,7,8,9,10,11,12
TAF4	173	187	12	1,2,3,4,5,6,7,8,9,10,11,12
TAF7L	341	357	12	1,2,3,4,5,6,7,8,9,10,11,12
TAOK2	380	392	12	1,2,3,4,5,6,7,8,9,10,11,12
TBL1R	110	118	12	1,2,3,4,5,6,7,8,9,10,11,12
TBP	58	95	12	1,2,3,4,5,6,7,8,9,10,11,12
TBX2	62	71	12	1,2,3,4,5,6,7,8,9,10,11,12
TCRG1	187	242	12	1,2,3,4,5,6,7,8,9,10,11,12
TF3C3	98	111	12	1,2,3,4,5,6,7,8,9,10,11,12
TF7L1	7	14	12	1,2,3,4,5,6,7,8,9,10,11,12
THA11	105	132	12	1,2,3,4,5,6,7,8,9,10,11,12
TIM	668	678	12	1,2,3,4,5,6,7,8,9,10,11,12
TITIN	11070	11075	12	1,2,3,4,5,6,7,8,9,10,11,12
TITIN	11461	11472	12	1,2,3,4,5,6,8,9,10,11,12,13
TLE4	405	415	12	1,2,3,4,5,6,7,8,9,10,11,12
TM158	281	292	12	1,2,3,4,5,6,7,8,9,10,11,12
TMM40	52	70	12	1,2,3,4,5,6,7,8,9,10,11,12
TNC18	2567	2577	12	1,2,3,4,5,6,7,8,9,10,11,12
TNC18	2615	2671	12	1,2,3,4,5,6,7,8,9,10,11,12
TNFL6	47	53	12	1,2,3,4,5,6,7,8,9,10,11,12
TNFL6	55	68	12	1,2,3,4,5,6,7,8,9,10,11,12
TOX3	446	455	12	1,2,3,4,5,6,7,8,9,10,11,12
TOX3	457	459	12	1,2,3,4,5,6,7,8,9,10,11,12
TPRN	609	621	12	1,2,3,4,5,6,7,8,9,10,11,12
TPRXL	79	92	12	1,2,3,4,5,6,7,8,9,10,11,12
TPRXL	94	103	12	1,2,3,4,5,6,7,8,9,10,11,12
TPRXL	109	117	12	1,2,3,4,5,6,7,8,9,10,11,12
TPRXL	119	128	12	1,2,3,4,5,6,7,8,9,10,11,12
TPRXL	137	146	12	1,2,3,4,5,6,7,8,9,10,11,12
TPRXL	155	167	12	1,2,3,4,5,6,7,8,9,10,11,12
TPRXL	169	184	12	1,2,3,4,5,6,7,8,9,10,11,12
TPRXL	189	204	12	1,2,3,4,5,6,7,8,9,10,11,12
TPRXL	206	217	12	1,2,3,4,5,6,7,8,9,10,11,12
TPRXL	225	236	12	1,2,3,4,5,6,7,8,9,10,11,12
TRA2A	216	231	12	1,2,3,4,5,6,7,8,9,10,11,12
TRI26	424	432	12	1,2,3,4,5,6,7,8,9,10,11,12
TRI44	100	110	12	1,2,3,4,5,6,7,8,9,10,11,12
TRIO	2300	2312	12	1,2,3,4,5,6,7,8,9,10,11,12
TRRAP	508	515	12	1,2,3,4,5,6,7,8,9,10,11,12
TSH3	151	159	12	1,2,3,4,5,6,7,8,9,10,11,12
TTBK1	749	771	12	1,2,3,4,5,6,7,8,9,10,11,12
TULP1	121	135	12	1,2,3,4,5,6,7,8,9,10,11,12
TUT7	848	859	12	1,2,3,4,5,6,7,8,9,10,11,12
U2AF1	213	223	12	1,2,3,4,5,6,7,8,9,10,11,12
U2AF5	213	223	12	1,2,3,4,5,6,7,8,9,10,11,12
UBP34	751	760	12	1,2,3,4,5,6,7,8,9,10,11,12
UBP51	133	140	12	1,2,3,4,5,6,7,8,9,10,11,12
UBX11	498	509	12	1,2,3,4,5,6,7,8,9,10,11,12
UNC80	748	766	12	1,2,3,4,5,6,7,8,9,10,11,12
USF3	1464	1478	12	1,2,3,4,5,6,7,8,9,10,11,12
VASP	172	189	12	1,2,3,4,5,6,7,8,9,10,11,12
VCIP1	7	18	12	1,2,3,4,5,6,7,8,9,10,11,12
VEZF1	338	354	12	1,2,3,4,5,6,7,8,9,10,11,12
VIR	142	149	12	1,2,3,4,5,6,7,8,9,10,11,12
VSI10	465	474	12	1,2,3,4,5,6,7,8,9,10,11,12
WASF2	393	400	12	1,2,3,4,5,6,7,8,9,10,11,12
WASH1	303	312	12	1,2,3,4,5,6,7,8,9,10,11,12
WASH2	303	312	12	1,2,3,4,5,6,7,8,9,10,11,12
WASH3	301	310	12	1,2,3,4,5,6,7,8,9,10,11,12
WASH4	316	325	12	1,2,3,4,5,6,7,8,9,10,11,12
WASH6	285	294	12	1,2,3,4,5,6,7,8,9,10,11,12
WASL	376	383	12	1,2,3,4,5,6,7,8,9,10,11,12
WASP	396	404	12	1,2,3,4,5,6,7,8,9,10,11,12
WDR26	8	25	12	1,2,3,4,5,6,7,8,9,10,11,12
WDR70	154	164	12	1,2,3,4,5,6,7,8,9,10,11,12
WDR87	2248	2263	12	1,2,3,4,5,6,7,8,9,10,11,12
WHAMM	641	658	12	1,2,3,4,5,6,7,8,9,10,11,12
WIPF1	81	90	12	1,2,3,4,5,6,7,8,9,10,11,12
WIPF3	6	17	12	1,2,3,4,5,6,7,8,9,10,11,12
WT1	60	68	12	1,2,3,4,5,6,7,8,9,10,11,12
XYLT1	81	90	12	1,2,3,4,5,6,7,8,9,10,11,12
YETS2	804	814	12	1,2,3,4,5,6,7,8,9,10,11,12
YLPM1	1550	1560	12	1,2,3,4,5,6,7,8,9,10,11,12
YTDC1	231	249	12	1,2,3,4,5,6,7,8,9,10,11,12
Z804A	1109	1119	12	1,2,3,4,5,6,7,8,9,10,11,12
ZBT47	284	294	12	1,2,3,4,5,6,7,8,9,10,11,12
ZBT7C	150	162	12	1,2,3,4,5,6,7,8,9,10,11,12
ZBT8B	139	153	12	1,2,3,4,5,6,7,8,9,10,11,12
ZBTB4	87	100	12	1,2,3,4,5,6,7,8,9,10,11,12
ZBTB4	102	111	12	1,2,3,4,5,6,7,8,9,10,11,12
ZBTB4	112	114	12	1,2,3,4,5,6,7,8,9,10,11,12
ZBTB4	641	654	12	1,2,3,4,5,6,7,8,9,10,11,12
ZC3H4	543	552	12	1,2,3,4,5,6,7,8,9,10,11,12
ZC3HD	684	702	12	1,2,3,4,5,6,7,8,9,10,11,12
ZC3HD	735	743	12	1,2,3,4,5,6,7,8,9,10,11,12
ZC3HD	748	776	12	1,2,3,4,5,6,7,8,9,10,11,12
ZCH18	417	431	12	1,2,3,4,5,6,7,8,9,10,11,12
ZCH18	433	442	12	1,2,3,4,5,6,7,8,9,10,11,12
ZEB1	1065	1071	12	1,2,3,4,5,6,7,8,9,10,11,12
ZFHX3	473	487	12	1,2,3,4,5,6,7,8,9,10,11,12
ZFHX3	774	784	12	1,2,3,4,5,6,7,8,9,10,11,12
ZFHX3	1725	1741	12	1,2,3,4,5,6,7,8,9,10,11,12
ZFHX3	2041	2050	12	1,2,3,4,5,6,7,8,9,10,11,12
ZFHX3	3514	3527	12	1,2,3,4,5,6,7,8,9,10,11,12
ZFHX4	1774	1784	12	1,2,3,4,5,6,7,8,9,10,11,12
ZFHX4	1961	1966	12	1,2,3,4,5,6,7,8,9,10,11,12
ZFHX4	1998	2016	12	1,2,3,4,5,6,7,8,9,10,11,12
ZFHX4	3116	3124	12	1,2,3,4,5,6,7,8,9,10,11,12
ZIC2	458	470	12	1,2,3,4,5,6,7,8,9,10,11,12
ZIC2	485	497	12	1,2,3,4,5,6,7,8,9,10,11,12
ZIC5	165	173	12	1,2,3,4,5,6,7,8,9,10,11,12
ZIC5	412	424	12	1,2,3,4,5,6,7,8,9,10,11,12
ZMIZ1	286	302	12	1,2,3,4,5,6,7,8,9,10,11,12
ZMIZ2	151	167	12	1,2,3,4,5,6,7,8,9,10,11,12
ZN281	21	32	12	1,2,3,4,5,6,7,8,9,10,11,12
ZN318	1444	1456	12	1,2,3,4,5,6,7,8,9,10,11,12
ZN326	501	512	12	1,2,3,4,5,6,7,8,9,10,11,12
ZN341	181	187	12	1,2,3,4,5,6,7,8,9,10,11,12
ZN358	401	416	12	1,2,3,4,5,6,7,8,9,10,11,12
ZN384	476	496	12	1,2,3,4,5,6,7,8,9,10,11,12
ZN384	503	516	12	1,2,3,4,5,6,7,8,9,10,11,12
ZN462	546	554	12	1,2,3,4,5,6,7,8,9,10,11,12
ZN503	19	27	12	1,2,3,4,5,6,7,8,9,10,11,12
ZN503	191	204	12	1,2,3,4,5,6,7,8,9,10,11,12
ZN579	18	36	12	1,2,3,4,5,6,7,8,9,10,11,12
ZN827	332	343	12	1,2,3,4,5,6,7,8,9,10,11,12
ZN830	163	170	12	1,2,3,4,5,6,7,8,9,10,11,12
ZN853	253	259	12	1,2,3,4,5,6,7,8,9,10,11,12
ZN853	263	268	12	1,2,3,4,5,6,7,8,9,10,11,12
ZN853	289	299	12	1,2,3,4,5,6,7,8,9,10,11,12
ZN853	303	306	12	1,2,3,4,5,6,7,8,9,10,11,12
ZN865	95	117	12	1,2,3,4,5,6,7,8,9,10,11,12
ZRAB2	225	238	12	1,2,3,4,5,6,7,8,9,10,11,12
ZSWM6	22	34	12	1,2,3,4,5,6,7,8,9,10,11,12
ZSWM6	170	184	12	1,2,3,4,5,6,7,8,9,10,11,12
