Protein	Start	End	Sequence	Entropy	Purity
3BP1	511	524	APAPAPAPAPAPA	0.9957274520849255	0.5384615384615384
A0A0G2JN53	87	88	A	-0.0	1.0
A0A0U1RQG5	93	103	EEEEEEEEEE	-0.0	1.0
A0A3B3IU63	116	122	EEEEEE	-0.0	1.0
AAK1	535	546	QQQQQQQQQQQ	-0.0	1.0
AB1IP	601	612	PPPPPAPAPAP	0.8453509366224364	0.7272727272727273
ACINU	272	281	EEEEEEEEE	-0.0	1.0
ACINU	582	589	SSSSSSS	-0.0	1.0
ACINU	1290	1297	RERERER	0.9852281360342515	0.5714285714285714
ACRC	190	192	DN	1.0	0.5
ACRC	209	211	DD	-0.0	1.0
ACRO	350	357	PPPPPPP	-0.0	1.0
ACRO	363	370	PPPPPPP	-0.0	1.0
ADA2B	300	309	EEEEEEEEE	-0.0	1.0
AEBP2	39	48	EEEEEEEEE	-0.0	1.0
AEBP2	65	73	GGGGGGGG	-0.0	1.0
AF17	194	205	GGGAGGGGGSM	1.2776134368191154	0.7272727272727273
AF17	330	338	SSSSSSSS	-0.0	1.0
AF9	151	190	SSSSSSSSSSSSSSSSSSSSSSSSSSSSSSSSSSSSSSS	-0.0	1.0
AFF3	417	426	SSGSSSSSS	0.5032583347756457	0.8888888888888888
AGRB1	1412	1422	PPPPPPPPPP	-0.0	1.0
AKNA	781	791	EGEEEEEEEG	0.7219280948873623	0.8
ALG13	921	945	PPPPPPPPPPPPPPPPPPPPPPPP	-0.0	1.0
ALKB5	39	48	AAAAAAAAA	-0.0	1.0
ALMS1	14	28	EEEEEEEEEEEEEE	-0.0	1.0
AMOT	378	384	QQQQQQ	-0.0	1.0
AN32B	223	229	DEDEDE	1.0	0.5
AN32E	185	194	EEEEEEEEE	-0.0	1.0
ANDR	60	80	QQQQQQQQQQQQQQQQQQQQ	-0.0	1.0
ANDR	453	473	GGGGGGGGGGGGGGGGGGGG	-0.0	1.0
ANO8	589	602	EEDEEEEEDEEEG	0.9912642605354288	0.7692307692307693
ANR17	99	110	GGGGGGGGGGG	-0.0	1.0
ANS1A	36	50	GGGSGGGGGGSGGG	0.5916727785823275	0.8571428571428571
ANTRL	402	411	PPPPPPPPP	-0.0	1.0
APLP2	218	228	EDEEEEEEED	0.7219280948873623	0.8
AR6P4	260	282	SSSSSSSSSSSSSSSSSSSSSS	-0.0	1.0
ARI1	77	90	GGGGGGGGGGGGG	-0.0	1.0
ARI1A	341	349	AAAAAAAA	-0.0	1.0
ARI1B	115	131	QQQQQQQQQQQQQQQQ	-0.0	1.0
ARI1B	309	319	GGGGGGGGGG	-0.0	1.0
ARI1B	340	350	AAAAAAAAAA	-0.0	1.0
ARI1B	357	358	Y	-0.0	1.0
ARI3B	7	15	QQQQQQQQ	-0.0	1.0
ARI4B	544	553	EEEEEEEEE	-0.0	1.0
ARMD4	618	637	EDEEDEDEEEEDEEEDEED	0.8997437586982626	0.6842105263157895
ARX	102	115	AAAAAAAAAAAAA	-0.0	1.0
ARX	145	155	AAAAAAAAAA	-0.0	1.0
ASCL1	37	47	AAAAAAAAAA	-0.0	1.0
ASCL1	51	62	QQQQQQQQQQQ	-0.0	1.0
ASPN	40	51	DDDDDDDDDDD	-0.0	1.0
ASXL2	674	684	AAAAAAAAAA	-0.0	1.0
ASXL3	2020	2028	PPPPPPPP	-0.0	1.0
AT1B4	58	72	EKEEEEEEEKEEEE	0.5916727785823275	0.8571428571428571
AT2B1	300	303	KDE	1.584962500721156	0.3333333333333333
AT7L1	653	661	SSSSSSSS	-0.0	1.0
ATAD2	262	277	EDDDDDDDDDDDDDD	0.35335933502142136	0.9333333333333333
ATN1	386	395	SSSSSSSSS	-0.0	1.0
ATN1	486	502	QQQQQQQQQQQQQQQQ	-0.0	1.0
ATN1	818	830	REREREKERERE	1.3250112108241772	0.5
ATRX	1450	1464	EEEEEEEEEEEEEE	-0.0	1.0
ATX1	199	208	QQQQQQQQQ	-0.0	1.0
ATX1	214	225	QQQQQQQQQQQ	-0.0	1.0
ATX2	168	188	QQQQQQQQQQQQQQQQQQQQ	-0.0	1.0
ATX3	296	305	QQQQQQQQQ	-0.0	1.0
ATX7	30	39	QQQQQQQQQ	-0.0	1.0
ATX7	719	728	SSSSSSSSS	-0.0	1.0
B4GN3	607	615	EGEEEEEE	0.5435644431995964	0.875
BAG6	659	668	PPPPPPPPP	-0.0	1.0
BAZ1B	1263	1273	EEEEEEEEEE	-0.0	1.0
BC11A	492	504	EEEEEEEEEEEE	-0.0	1.0
BC11B	535	543	EEEEEEEE	-0.0	1.0
BCL6B	236	244	SSSSSSSS	-0.0	1.0
BD1L1	11	27	PAPPPPPPQPQPQPPP	1.014097655573916	0.75
BGIN	519	532	APAPAPAPAPAPA	0.9957274520849255	0.5384615384615384
BHE41	398	411	AAAAAAAAAAAAA	-0.0	1.0
BMP2K	462	486	QQQQQQQQQQQQQQQQQQQQQQQQ	-0.0	1.0
BRD2	493	504	EEEEDEEDEEE	0.6840384356390417	0.8181818181818182
BRD2	783	793	SSSSSSSSSS	-0.0	1.0
BRD4	764	778	PPPPPPQQQQQPPP	0.9402859586706311	0.6428571428571429
BRDT	641	648	SSSSSSS	-0.0	1.0
BRE1A	577	590	REREREREKEKER	1.4604846813131116	0.46153846153846156
BSN	64	73	PGPGPGPGP	0.9910760598382222	0.5555555555555556
BT2A2	17	24	LLLLLLL	-0.0	1.0
BTBD2	44	54	AAAAAAAAAA	-0.0	1.0
C1QL4	72	81	GPPGPRGPP	1.3516441151533924	0.5555555555555556
C1QRF	91	96	PVGPP	1.3709505944546687	0.6
CAC1A	2315	2325	QQQQQQQQQQ	-0.0	1.0
CAC1F	811	825	EEEEEEEEEEEEEE	-0.0	1.0
CADM1	342	353	TTTTTTTTTTT	-0.0	1.0
CASZ1	1693	1706	DEDDDEDDDDEDD	0.7793498372920851	0.7692307692307693
CB016	1667	1669	RR	-0.0	1.0
CBP	2200	2216	QQQQQQQQQQQQQQQQ	-0.0	1.0
CBX4	390	400	HHHHHHHHHH	-0.0	1.0
CBX8	157	158	R	-0.0	1.0
CBX8	162	180	ERERERERERERERERER	1.0	0.5
CC136	17	26	EEEEEEEEE	-0.0	1.0
CC177	172	180	AAAAAAAA	-0.0	1.0
CCDC6	34	44	GGGGGGGGGG	-0.0	1.0
CCER1	334	349	LEEEELEEEEEVLEE	1.0529815751302694	0.7333333333333333
CCG8	345	352	GGGGGGG	-0.0	1.0
CCNK	483	491	PPPVPPPP	0.5435644431995964	0.875
CD11A	292	304	EEEEEEEEEEEE	-0.0	1.0
CD11A	312	324	EEEEEEEEEEEE	-0.0	1.0
CD11B	304	316	EEEEEEEEEEEE	-0.0	1.0
CD11B	324	336	EEEEEEEEEEEE	-0.0	1.0
CDK13	69	76	AAAAAAA	-0.0	1.0
CDN1C	182	217	APAPAPAPAPAPVAAPAPAPAPAPAPAPAPAPAPD	1.3153724940519442	0.4857142857142857
CDX2	257	269	PQPPPPPPQPPQ	0.8112781244591328	0.75
CELF3	359	373	QQQQQQQQQQQQQQ	-0.0	1.0
CELR2	17	25	LLLLLLLL	-0.0	1.0
CELR2	2744	2752	EEEEEEEE	-0.0	1.0
CENPB	407	419	EEEEEEEEEEEE	-0.0	1.0
CENPB	421	439	GEEEEEEGEEEEEEGGEG	0.8524051786494786	0.7222222222222222
CFA44	727	737	EKEEEEEEEE	0.4689955935892812	0.9
CFA65	1772	1784	EELEEEEEEEEE	0.41381685030363374	0.9166666666666666
CFA65	1786	1789	EEE	-0.0	1.0
CHD3	210	219	AAAAAAAAA	-0.0	1.0
CHD8	2082	2094	SSSSSSSSSSSS	-0.0	1.0
CHD9	2183	2193	SSSSSSSSSS	-0.0	1.0
CHERP	332	341	QQQQQQQQQ	-0.0	1.0
CHERP	777	797	RSRSRSRSRSRSSRSRSRSQ	1.2344977967946407	0.5
CHIC1	48	68	EEEEEEEEEEEEEEEEEEEE	-0.0	1.0
CIR1	259	270	SSSSSSSSSSS	-0.0	1.0
CIZ1	19	37	LQQQQLQQQQLQQQQLLQ	0.8524051786494786	0.7222222222222222
CK095	190	200	EEEEEEEEEE	-0.0	1.0
CK095	563	572	PPPPPPPPP	-0.0	1.0
CLASR	426	432	SRSRRY	1.4591479170272448	0.5
CLSPN	660	672	EEEEKEEEEEEE	0.41381685030363374	0.9166666666666666
CNGB1	358	371	EEEEEEEEEEEEE	-0.0	1.0
CNPY4	220	229	EEEEEEEEE	-0.0	1.0
CO1A1	141	156	GPPGPPGPPGPPGLG	1.272905595320056	0.5333333333333333
CO1A1	1178	1192	PPGPPGPPGPPGPP	0.863120568566631	0.7142857142857143
CO1A2	60	73	PPGPPGPPGPPGL	1.2389012566026305	0.6153846153846154
CO1A2	1090	1101	PPGPPGPPGPP	0.8453509366224364	0.7272727272727273
CO2A1	162	175	PPGPPGPPGPPGL	1.2389012566026305	0.6153846153846154
CO2A1	1206	1217	PPGPPGPPGPG	0.9456603046006401	0.6363636363636364
CO4A4	1298	1310	PPGPPGPPGPPG	0.9182958340544896	0.6666666666666666
CO5A2	1215	1226	EPGPPGPPGPP	1.2406705316766884	0.6363636363636364
CO8A1	559	571	GPPGPPGPPGPP	0.9182958340544896	0.6666666666666666
CO8A2	519	533	PPGPPGPPGPPGAP	1.1981174211304033	0.6428571428571429
CO9A1	388	397	PPGPPGPPG	0.9182958340544896	0.6666666666666666
CO9A3	145	160	LPGLPGPPGPPGPPG	1.3995812306460644	0.5333333333333333
COFA1	721	732	PPGPPGPPGPG	0.9456603046006401	0.6363636363636364
COFA1	938	946	PPGPPGPP	0.8112781244591328	0.75
COFA1	1098	1106	GPPGPPGP	0.954434002924965	0.625
COHA1	438	443	GGVGG	0.7219280948873623	0.8
COHA1	1217	1223	GPPGPP	0.9182958340544896	0.6666666666666666
COIA1	1007	1021	PPGPPGPPGPPGPG	0.9402859586706311	0.6428571428571429
COIA1	1256	1266	PGPPGPPGPP	0.8812908992306927	0.7
COIA1	1402	1411	GPPGPPGPP	0.9182958340544896	0.6666666666666666
COIA1	1427	1436	GPPGPPGPP	0.9182958340544896	0.6666666666666666
COMA1	715	729	PGPPGVPGPPGPGG	1.2958363892911637	0.5
COPA1	196	209	PGPPGPPGPRGPP	1.2389012566026305	0.6153846153846154
COQA1	308	316	PPGPPGPP	0.8112781244591328	0.75
COQA1	320	325	PPGPP	0.7219280948873623	0.8
CPNS1	38	56	GGGGGGGGGGGGGGGGGG	-0.0	1.0
CPSF6	534	540	DRDRDR	1.0	0.5
CS2IP	616	628	TSSSSTTSSSSS	0.8112781244591328	0.75
CS2IP	637	645	SSSSSSSS	-0.0	1.0
CSKI1	1346	1355	AAAAAAAAA	-0.0	1.0
CSRN3	372	383	EEEEEEEEEEE	-0.0	1.0
CSTN1	927	935	EEEEEEEE	-0.0	1.0
CUL9	1673	1681	EEEEEEEE	-0.0	1.0
CXD3	241	248	PPPPPPP	-0.0	1.0
DAAM1	574	582	PPPPGPPP	0.5435644431995964	0.875
DACH1	142	163	SSSSSSSSSSSSSSSSSSSSS	-0.0	1.0
DAXX	446	457	EEEEEEEEEEE	-0.0	1.0
DC8L2	127	147	EEEEEEEEEEEEEEEEEEEE	-0.0	1.0
DCAF8	102	112	EEEEEEEEEE	-0.0	1.0
DDX46	88	103	DRRRSRSRSRGRRSR	1.4716022614097979	0.6
DEAF1	20	33	AAAAVAAAAAAAA	0.39124356362925566	0.9230769230769231
DEN4B	897	910	QQQQQQQQQQQQQ	-0.0	1.0
DHX36	39	46	GGGGGGG	-0.0	1.0
DHX57	38	49	GGGGGGGGGGG	-0.0	1.0
DIAP1	610	620	PPPPPPPPPP	-0.0	1.0
DIAP1	621	622	P	-0.0	1.0
DIAP3	591	598	PPPPPPP	-0.0	1.0
DLGP3	225	234	HHHHHHHHH	-0.0	1.0
DMRTA	59	67	AAAAAAAA	-0.0	1.0
DMRTB	269	279	PLPPLPPLPP	0.8812908992306927	0.7
DPOG1	45	55	QQQQQQQQQQ	-0.0	1.0
DSPP	570	575	SSDSN	1.3709505944546687	0.6
DSPP	622	625	KSD	1.584962500721156	0.3333333333333333
DSPP	719	723	NSNS	1.0	0.5
DSPP	725	726	S	-0.0	1.0
DSPP	783	788	DSNDS	1.5219280948873621	0.4
DSPP	861	862	S	-0.0	1.0
DSPP	887	890	SSN	0.9182958340544896	0.6666666666666666
DSPP	1160	1236	DSSDSSDSSDSSDSSDSSNSSDSSDSSDSSDSSDSSDSSDSSDSSDSSDSSDSSDSSDSSDSSDSSDSSDSNESSD	1.153718534773152	0.6447368421052632
DSPP	1237	1261	SDSSDSSDSSNSSDSSDSSDSSDS	1.0994839817876882	0.6666666666666666
DYR1A	609	619	HHHHHHHHHH	-0.0	1.0
E2F4	310	319	SSSSSSSSS	-0.0	1.0
ECM2	272	285	EDEEEEGEEGEED	1.198183947911799	0.6923076923076923
EDA	187	194	PGPPGPP	0.863120568566631	0.7142857142857143
EDA	199	208	PGIPGIPGI	1.584962500721156	0.3333333333333333
EDA	217	223	GPPGPP	0.9182958340544896	0.6666666666666666
EDC4	619	629	SSSSSSSSSS	-0.0	1.0
EGR1	69	76	GGGGGGG	-0.0	1.0
EGR2	301	309	AAAAAAAA	-0.0	1.0
EHMT2	302	323	EEEEEEEEEEEEEEEEEEEEE	-0.0	1.0
ELN	304	311	AAAAAAA	-0.0	1.0
ELN	446	458	AKAAKYGAAGAG	1.7295739585136223	0.5
EMID1	246	259	PGPPGPPGPPGPP	0.8904916402194913	0.6923076923076923
EMID1	297	299	PP	-0.0	1.0
EMID1	303	308	PPGPP	0.7219280948873623	0.8
EOMES	119	130	AAAAAAAAAAA	-0.0	1.0
EP400	428	437	EEEEEEEEE	-0.0	1.0
EP400	2545	2563	PQPQPPPPPQQPPPPLPQ	1.134969974603941	0.6666666666666666
EP400	2758	2784	QQQQQQQQQQQQQQQQQQQQQQQQQQ	-0.0	1.0
EPHB6	166	176	SSSSSSSSSS	-0.0	1.0
EPIPL	4629	4643	QAQAQARAEAEAEA	1.7244078178625923	0.5
ERFE	112	123	PPGPPGPQGPP	1.2406705316766884	0.6363636363636364
ERIP6	33	56	VEEEEEEVEEEEEEVEEEEEEVV	0.7553754125614287	0.782608695652174
ESPN	598	605	PPPPPPP	-0.0	1.0
EVX2	298	305	AAASGAA	1.1488348542809166	0.7142857142857143
EVX2	361	370	AAAAAAAAA	-0.0	1.0
EVX2	415	428	GGGGGGGGGGGGG	-0.0	1.0
F157A	73	84	QQQQQQQQQQQ	-0.0	1.0
F157B	74	85	QQQQQQQQQQQ	-0.0	1.0
F157C	75	88	QQQQQQQQQQQQQ	-0.0	1.0
F171B	45	56	QQQQQQQQQQQ	-0.0	1.0
F193B	172	185	SSSSSSSSSSSSS	-0.0	1.0
FA98A	460	473	RGGRGGRGGRGGR	0.9612366047228759	0.6153846153846154
FA98B	340	346	GGGGGG	-0.0	1.0
FA98B	418	429	GGGGGGGGGGG	-0.0	1.0
FAM9A	223	246	EEEKEEEEEKEEEEEEGEEEGGG	1.0676111603502403	0.7391304347826086
FAM9A	263	275	EEEEEEEEEEEE	-0.0	1.0
FBRL	47	58	GGGGGGGGGGG	-0.0	1.0
FBRS	313	329	AAAAAAAAAAAAAAAA	-0.0	1.0
FBX11	24	49	QQPPQQPPPQPPQQQPPQQQPPPPP	0.9895875212220556	0.56
FBX11	57	66	PPPPPPPPP	-0.0	1.0
FBX3	424	433	EEEEEEEEE	-0.0	1.0
FBX41	53	61	AAAAAAAA	-0.0	1.0
FEV	146	155	AAAAAAAAA	-0.0	1.0
FEZF2	104	117	GGGGGGGGGGGGG	-0.0	1.0
FHDC1	34	43	PPPPPPPPP	-0.0	1.0
FILA2	547	554	SGSSQSS	1.1488348542809166	0.7142857142857143
FILA2	622	629	SGSSQSS	1.1488348542809166	0.7142857142857143
FIP1	462	477	RERDRDRERDRDRDR	1.3995812306460644	0.5333333333333333
FKBP8	38	46	EEEEEEEE	-0.0	1.0
FMN1	905	912	PPPPPPP	-0.0	1.0
FMN2	218	225	QQQQQQQ	-0.0	1.0
FMNL1	604	612	PPPPPPPP	-0.0	1.0
FMNL2	554	573	PPPPPPPPPPPPPPPPPPP	-0.0	1.0
FMNL3	520	532	PPAPPLPPPPPP	0.8166890883150209	0.8333333333333334
FNBP4	908	918	PPPPPPPPPP	-0.0	1.0
FOXB2	165	174	PPPPPPPPP	-0.0	1.0
FOXB2	224	234	AAAAAAAAAA	-0.0	1.0
FOXD1	102	110	GGGGGGAG	0.5435644431995964	0.875
FOXD3	292	300	AAAAAAAA	-0.0	1.0
FOXE1	166	179	AAAAAAAAAAAAA	-0.0	1.0
FOXF1	15	23	GGGGGGGG	-0.0	1.0
FOXG1	50	57	HHHHHHH	-0.0	1.0
FOXJ2	298	314	QQQQQQQQPPQPPPQQ	0.8960382325345574	0.6875
FOXL2	223	234	AAAAAAAAAAA	-0.0	1.0
FOXP2	152	191	QQQQQQQQQQQQQQQQQQQQQQQQQQQQQQQQQQQQQQQ	-0.0	1.0
FOXP2	220	232	LLQMQQLQQQQH	1.5510981710072647	0.5833333333333334
FRPD3	1752	1776	QQQQQQQQQQQQQQQQQQQQQQQQ	-0.0	1.0
FUBP1	18	26	GGGGGGGG	-0.0	1.0
FUBP2	20	31	GGAGGAGGGPP	1.3092966682370037	0.6363636363636364
FUBP2	44	53	PGGGGPGGG	0.7642045065086203	0.7777777777777778
FUCO2	16	21	LLLLL	-0.0	1.0
FUS	167	175	GGGGGGGG	-0.0	1.0
FUS	222	231	GGGGGGGGG	-0.0	1.0
FUS	397	409	GGGGSGGGGRGG	0.8166890883150209	0.8333333333333334
FXL17	221	231	GGGGGGGGGG	-0.0	1.0
FZD8	641	663	GGPGGGGGGGPGGGGGPGGGGG	0.5746356978376794	0.8636363636363636
GATA6	175	183	AAAAAAAA	-0.0	1.0
GDF11	31	41	AAAAAAAAAA	-0.0	1.0
GG6L2	800	815	GEDAGAGGEDAGAGG	1.7967916319816366	0.4666666666666667
GLDN	236	253	PPGPPGPPGPPGPPGPP	0.8739810481273578	0.7058823529411765
GLU2B	316	325	EEEEEEEEE	-0.0	1.0
GSE1	341	354	EREREREREREAD	1.6143308351592656	0.46153846153846156
GSK3A	28	35	GGGGGGG	-0.0	1.0
GSLG1	75	84	QQQQQQQQQ	-0.0	1.0
GSX2	149	162	AAAAAAAAAAAAA	-0.0	1.0
GT2D1	914	923	SSSSSSSSS	-0.0	1.0
HAND2	23	32	AAAAAAAAA	-0.0	1.0
HCLS1	365	375	PEPEPEPEPE	1.0	0.5
HCN1	65	74	GGGGGGGGG	-0.0	1.0
HCN2	24	31	PPPPAPP	0.5916727785823275	0.8571428571428571
HCN2	35	44	PPPPPPAPP	0.5032583347756457	0.8888888888888888
HD	20	38	QQQQQQQQQQQQQQQQQQ	-0.0	1.0
HD	39	49	PPPPPPPPPP	-0.0	1.0
HD	67	76	PPPPPPPPP	-0.0	1.0
HDGR2	257	264	SSSSSSS	-0.0	1.0
HEG1	661	672	SSSSSSSSSSS	-0.0	1.0
HGB1A	186	209	EEEDEEDEEDEEEEDEEDEEDDD	0.9321115676166747	0.6521739130434783
HME1	201	208	AAAAAAA	-0.0	1.0
HME1	210	218	AAAAAAAA	-0.0	1.0
HMX3	63	73	AAAAAAAAAA	-0.0	1.0
HNF6	126	134	HHHHHHHH	-0.0	1.0
HNRL1	698	710	QQPPPPQPPPQQ	0.9798687566511528	0.5833333333333334
HNRL2	76	87	EDEEEEEEDEE	0.6840384356390417	0.8181818181818182
HNRPU	86	94	EEEEEEEE	-0.0	1.0
HOMEZ	530	537	EEEEEEE	-0.0	1.0
HORN	277	282	GSSSS	0.7219280948873623	0.8
HORN	314	321	GSGHSSS	1.3787834934861753	0.5714285714285714
HORN	515	516	S	-0.0	1.0
HORN	640	645	SGSSQ	1.3709505944546687	0.6
HORN	653	657	SGSG	1.0	0.5
HORN	708	710	QS	1.0	0.5
HORN	788	790	SS	-0.0	1.0
HORN	910	919	SGSGRSSSS	1.224394445405986	0.6666666666666666
HORN	923	930	SGSGQSS	1.3787834934861753	0.5714285714285714
HORN	975	982	SSGSSSS	0.5916727785823275	0.8571428571428571
HORN	1095	1101	SGQSSS	1.2516291673878228	0.6666666666666666
HORN	1109	1113	SQSS	0.8112781244591328	0.75
HORN	1262	1270	SGSGRSSS	1.2987949406953985	0.625
HORN	1366	1374	SGSGHSSS	1.2987949406953985	0.625
HORN	1379	1388	SGSGWSSSS	1.224394445405986	0.6666666666666666
HORN	1392	1399	SGSGQSS	1.3787834934861753	0.5714285714285714
HORN	1445	1452	SSGSSSS	0.5916727785823275	0.8571428571428571
HORN	1485	1493	SGSGQSSS	1.2987949406953985	0.625
HORN	1498	1506	SGSGWSSS	1.2987949406953985	0.625
HORN	1683	1687	RSSS	0.8112781244591328	0.75
HORN	1810	1818	SGSSQSSS	1.061278124459133	0.75
HORN	1823	1827	SGSG	1.0	0.5
HXA13	40	51	AAAAAAAAAAA	-0.0	1.0
HXA13	75	84	AAAAAAAAA	-0.0	1.0
HXA13	118	133	AAAAAAAAAAAAAAA	-0.0	1.0
HXB3	156	164	GGGGGGGG	-0.0	1.0
HXB3	169	178	GGGGGGGGG	-0.0	1.0
HXB4	75	87	PPPPPPPPPPPP	-0.0	1.0
HXD11	88	98	SGGGPGGGGG	0.9219280948873623	0.8
HXD11	111	120	AAAAAAAAA	-0.0	1.0
HXD13	59	71	AAAAAAAAAAAA	-0.0	1.0
HXD9	132	140	GGGGGGGG	-0.0	1.0
I2BPL	91	102	AAAAAAAAAAA	-0.0	1.0
I2BPL	103	127	QQQQQQQQQQQQQQQQQQQQQQQQ	-0.0	1.0
I2BPL	155	164	AAAAAAAAA	-0.0	1.0
IF2P	533	543	EEEEEEEEEE	-0.0	1.0
IL27A	166	176	EEEEEEEEEE	-0.0	1.0
IQEC3	85	88	AAA	-0.0	1.0
IRS4	631	639	PPPPPPPP	-0.0	1.0
JCAD	850	859	SSSSSSSSS	-0.0	1.0
JIP2	96	103	EEEEEEE	-0.0	1.0
JMJD6	346	355	SSSSSSSSS	-0.0	1.0
JMY	813	825	PPPPPPPPPPPP	-0.0	1.0
K1C10	126	140	FGGGFGGGFGGDGG	1.0949143184120975	0.7142857142857143
K1C10	478	483	GGGSS	0.9709505944546686	0.6
K1C10	504	522	GGGSSGGGYGGGSSSGGH	1.4108478748063633	0.6111111111111112
K1C10	531	557	GGSSGGGGGGYGGGSSGGGSSSGGGY	1.1951184583080539	0.6538461538461539
K1C13	62	69	GGYGGGL	1.1488348542809166	0.7142857142857143
K1C14	101	110	GGFAGGDGL	1.8799649487271108	0.5555555555555556
K1C16	87	89	GG	-0.0	1.0
K1C16	103	111	GGFAGGDG	1.5487949406953985	0.625
K1C9	498	510	GGGSGGGYGGGS	1.040852082972755	0.75
K1C9	521	538	GGSGSGGGSGGGYGGGS	1.0863128407412879	0.7058823529411765
K1C9	573	589	GGSGSRGGSGGSHGGG	1.4237949406953985	0.625
K22E	608	611	GGG	-0.0	1.0
K22E	615	621	GGGSSS	1.0	0.5
K22O	117	130	GAGGFGGAGGFGG	1.198183947911799	0.6923076923076923
K2C1	98	115	FGGGGFGGGGFGGGGIG	0.9780155566622415	0.7647058823529411
K2C1	127	140	GFGGGGFGGGGYG	0.9912642605354287	0.7692307692307693
K2C1	516	524	SRGGGGGG	1.061278124459133	0.75
K2C1	569	574	GGGGG	-0.0	1.0
K2C3	120	141	GAGGFGGAGGFGGAGGFGGPG	1.4012343792962176	0.6666666666666666
K2C5	128	129	G	-0.0	1.0
KAT2A	46	53	APAPAAA	0.863120568566631	0.7142857142857143
KAT6A	1685	1700	QPQQPPPPPPPQQQP	0.9709505944546686	0.6
KAT6B	1078	1089	EEEEEEEEEEE	-0.0	1.0
KAT6B	1091	1104	EEEEEEEEEEEEE	-0.0	1.0
KAT6B	1353	1368	EEEEEEEEEEEEEEE	-0.0	1.0
KCMA1	6	21	GGGGSSGGGGGGGGS	0.7219280948873623	0.8
KCMA1	41	60	SSSSSSSSSSSSSSSSSSS	-0.0	1.0
KCNA4	128	137	EEEEEEEEE	-0.0	1.0
KCNN3	32	41	QQQQQQQQQ	-0.0	1.0
KCNN3	67	80	QQQQQQQQQQQQQ	-0.0	1.0
KDM1A	10	18	AAAAAAAA	-0.0	1.0
KDM2A	858	866	EEEEEEEE	-0.0	1.0
KDM6B	252	264	PPPPPPPPPPPP	-0.0	1.0
KLH11	7	16	AAAAAAAAA	-0.0	1.0
KLHL1	75	81	SSSSSS	-0.0	1.0
KMT2A	90	96	SSSSSS	-0.0	1.0
KMT2D	3601	3612	QQQQQQQQQQQ	-0.0	1.0
KMT2D	3738	3745	QQQQQQQ	-0.0	1.0
KMT2D	3901	3965	QQQQLQQQQQLQQQQQQQLQQQQQLQQQQLQQQQQQQQLQQQQQQQLQQQQQQLQQQQQQQQQQ	0.5435644431995964	0.875
KMT5A	14	23	AAAAAAAAA	-0.0	1.0
KR171	62	78	GGCGGCGGCGGGCCGS	1.198192411043098	0.625
KR191	53	56	GYG	0.9182958340544896	0.6666666666666666
KR191	60	65	GYGYG	0.9709505944546686	0.6
KR191	69	74	GYGYG	0.9709505944546686	0.6
KR193	40	47	YGGYGYG	0.9852281360342515	0.5714285714285714
KR193	51	56	GYGYG	0.9709505944546686	0.6
KR193	60	65	GYGYG	0.9709505944546686	0.6
KR511	13	23	CGGCGSGSGG	1.3709505944546687	0.6
KR511	27	36	CGGCGSSCC	1.5304930567574826	0.4444444444444444
KRA51	4	8	GCSG	1.5	0.5
KRA51	16	20	CGSG	1.5	0.5
KRA51	32	36	SGCG	1.5	0.5
KRA51	73	78	GSKGG	1.3709505944546687	0.6
KRA51	83	88	GCKGG	1.3709505944546687	0.6
KRA51	93	98	GSKGG	1.3709505944546687	0.6
KRA51	103	108	GSKGG	1.3709505944546687	0.6
KRA51	113	118	GSKGG	1.3709505944546687	0.6
KRA51	122	131	CGGCGSSCC	1.5304930567574826	0.4444444444444444
KRA51	169	171	CG	1.0	0.5
KRA51	176	181	CGSCG	1.5219280948873621	0.4
KRA51	186	191	CGSCG	1.5219280948873621	0.4
KRA51	196	200	CGSG	1.5	0.5
KRA51	205	209	SGCG	1.5	0.5
KRA52	13	23	CGGCGSSCGG	1.4854752972273344	0.5
KRA52	27	32	CGGCG	0.9709505944546686	0.6
KRA52	43	48	GCSSS	1.3709505944546687	0.6
KRA54	13	50	CGGCGSGCGGCGSGCGGCGSGCGGCGSGCGGCGSSCC	1.4462115340503299	0.5135135135135135
KRA55	20	49	CGGCGSGCGGCGSGCGGCGSGCGGCGGCG	1.31415062214826	0.5862068965517241
KRA56	13	29	CGGCGSGCGGCGSSCC	1.5052408149441479	0.4375
LAR1B	151	164	GRGRGRGRGRGRG	0.9957274520849255	0.5384615384615384
LARP1	341	353	RGRGRGRGRGRG	1.0	0.5
LATS2	470	480	PAPAPAPAPA	1.0	0.5
LC7L3	325	335	RSRDRRRSRS	1.295461844238322	0.6
LCE1A	44	68	SVSSGGCCGSSSGGGCSSGGGGCC	1.717090774749888	0.4166666666666667
LCE1E	44	58	SVSSGGCCGSSSGG	1.7273966735744795	0.42857142857142855
LCE1E	62	76	SSGGCCSSGGGGCC	1.5566567074628228	0.42857142857142855
LCE1F	47	76	SGGCCGSSSGGCCSSGGGGCCSSGGGGCC	1.5439907766505307	0.4482758620689655
LCE2A	12	26	PPKCPPKCPPKCPP	1.41379956460568	0.5714285714285714
LCORL	11	22	AAAAAAAAAAA	-0.0	1.0
LHPL3	6	14	AAAAAAAA	-0.0	1.0
LIN7A	219	226	QQQQQQQ	-0.0	1.0
LIRB1	474	479	LLLLL	-0.0	1.0
LIRB2	474	479	LLLLL	-0.0	1.0
LMOD2	423	433	PPPPPPPPPP	-0.0	1.0
LMOD2	441	448	PPPPPPP	-0.0	1.0
LORI	94	100	GSSGGG	0.9182958340544896	0.6666666666666666
LORI	105	110	SGGGG	0.7219280948873623	0.8
LORI	115	125	SGGGGSSGGG	0.8812908992306927	0.7
LORI	130	140	SGGGGSSGGG	0.8812908992306927	0.7
LORI	145	150	SGGGG	0.7219280948873623	0.8
LORI	171	173	GG	-0.0	1.0
LORI	178	184	SGGGGG	0.6500224216483541	0.8333333333333334
LORI	228	238	SSGGGGSGGS	0.9709505944546686	0.6
LRCH2	19	24	GSSGG	0.9709505944546686	0.6
LRCH2	32	44	GGAGGGGGGGGG	0.41381685030363374	0.9166666666666666
LRP8	15	24	LLLLLLLLL	-0.0	1.0
LUR1L	48	58	GGGGGGGGGG	-0.0	1.0
M3K11	22	30	GGGGGGGG	-0.0	1.0
M3K4	27	36	PPPPPPPPP	-0.0	1.0
M3K4	1192	1199	AAAAAAA	-0.0	1.0
M3K9	32	38	EEEEEE	-0.0	1.0
MAF	227	238	GGGGGGGGGGG	-0.0	1.0
MAGI1	403	421	QQQQQQQQQQQQQQQQQQ	-0.0	1.0
MAMD1	494	502	QQQQQQQQ	-0.0	1.0
MAMD1	598	606	QQQQQQQQ	-0.0	1.0
MAML2	591	621	QQQQQQQQQQQQQQQQQQQQQQQQQQQQQQ	-0.0	1.0
MAML2	640	665	QQQQQQQQQQQQQQQQQQQQQQQQQ	-0.0	1.0
MAML3	487	510	QQQQQQQQQQQQQQQQQQQQQQQ	-0.0	1.0
MAML3	635	650	QQQQQQQQQQQQQQQ	-0.0	1.0
MAZ	98	108	AAAAAAAAAA	-0.0	1.0
MAZ	437	448	AAAAAAAAAAA	-0.0	1.0
MBD2	79	96	RGRGRGRGRGRGRGRGR	0.9975025463691152	0.5294117647058824
MBTP2	115	136	SSSSSSSSSSSSSSSSSSSSS	-0.0	1.0
MED12	2054	2076	QQQQQQQQQQQQQQQQQQQQQQ	-0.0	1.0
MED12	2093	2115	QQQQQQQQQQQQQQQQQQQQQQ	-0.0	1.0
MED15	163	173	QQQQQFQQQQ	0.4689955935892812	0.9
MED15	208	218	QLQQQQQQQQ	0.4689955935892812	0.9
MED15	248	262	QQQQQQQQQQQQQQ	-0.0	1.0
MEF2A	422	430	QQQQQQQQ	-0.0	1.0
MEF2A	431	442	PPPPQPQPQPP	0.8453509366224364	0.7272727272727273
MEIOS	455	465	SSSSSSSSSS	-0.0	1.0
MEOX2	70	80	HHHHHHHHHH	-0.0	1.0
MESP2	180	205	GQGQGQGQGQGQGQGQGQGQGQGQG	0.9988455359952018	0.52
MEX3B	495	508	SSSSSSSSSSSSS	-0.0	1.0
MEX3C	23	31	PPPPPPPP	-0.0	1.0
MEX3D	12	20	GGGGGGGG	-0.0	1.0
MICLK	459	470	PPPPPPPPPPP	-0.0	1.0
MIER1	86	94	EEEEEEEE	-0.0	1.0
MMPOS	41	50	PQPQPQPQP	0.9910760598382222	0.5555555555555556
MN1	295	306	QPQQQQQPQQQ	0.6840384356390417	0.8181818181818182
MN1	525	550	QQQQQQQQQQQQQQQQQQQQQQQQQ	-0.0	1.0
MNX1	123	134	AAAAAAAAAAA	-0.0	1.0
MSH3	53	62	AAAAAAAAA	-0.0	1.0
MSH3	63	66	PAP	0.9182958340544896	0.6666666666666666
MUC2	1399	1410	SPPTTTPSPPP	1.4353713907745331	0.5454545454545454
MUC2	1416	1442	PPTTTPSPPTTTTTTPPPTTTPSPPI	1.5053128791540096	0.46153846153846156
MUC2	1462	1500	TPPPTTTPSPPTTTPSPPTTTPSPPTTTTTTPPPTTTP	1.3146246119280174	0.5
MUC2	1516	1545	LPPTTTPSPPTTTTTTPPPTTTPSPPTTT	1.45601179722626	0.5172413793103449
MUC2	1549	1587	PTSTTTLPPTTTPSPPPTTTTTPPPTTTPSPPTTTTPS	1.5107277328058333	0.5
MUC2	1594	1624	TPPPTTTPSPPTTTTTTPPPTTTPSPPTTT	1.272905595320056	0.5333333333333333
MUC2	1628	1685	PTSTTTLPPTTTPSPPPTTTTTPPPTTTPSPPTTTTPSPPITTTTTPPPTTTPSSPI	1.6551636380051882	0.47368421052631576
MUC2	1688	1695	PSPPTTT	1.4488156357251847	0.42857142857142855
MUC2	1697	1698	T	-0.0	1.0
MUC2	1898	1914	TPITTTTTVTPTPTPT	1.4237949406953985	0.625
MUC2	1920	1937	TTPITTTTTVTPTPTPT	1.3784188527203236	0.6470588235294118
MUC2	1943	1960	TTPITTTTTVTPTPTPT	1.3784188527203236	0.6470588235294118
MUC2	1966	1983	TTPITTTTTVTPTPTPT	1.3784188527203236	0.6470588235294118
MUC2	1989	2006	TTPITTTTTVTPTPTPT	1.3784188527203236	0.6470588235294118
MUC2	2012	2029	TTPITTTTTVTPTPTPT	1.3784188527203236	0.6470588235294118
MUC2	2035	2052	TTPITTTTTVTPTPTPT	1.3784188527203236	0.6470588235294118
MUC2	2058	2075	TTPITTTTTVTPTPTPT	1.3784188527203236	0.6470588235294118
MUC2	2081	2098	TTPITTTTTVTPTPTPT	1.3784188527203236	0.6470588235294118
MUC2	2104	2121	TTPITTTTTVTPTPTPT	1.3784188527203236	0.6470588235294118
MUC2	2127	2144	TTPITTTTTVTPTPTPT	1.3784188527203236	0.6470588235294118
MUC2	2150	2167	TTPITTTTTVTPTPTPT	1.3784188527203236	0.6470588235294118
MUC2	2173	2190	TTPITTTTTVTPTPTPT	1.3784188527203236	0.6470588235294118
MUC2	2196	2213	TTPITTTTTVTPTPTPT	1.3784188527203236	0.6470588235294118
MUC2	2219	2236	TTPITTTTTVTPTPTPT	1.3784188527203236	0.6470588235294118
MUC2	2242	2259	TTPITTTTTVTPTPTPT	1.3784188527203236	0.6470588235294118
MUC2	2265	2282	TTPITTTTTVTPTPTPT	1.3784188527203236	0.6470588235294118
MUC2	2288	2305	TTPITTTTTVTPTPTPT	1.3784188527203236	0.6470588235294118
MUC2	2311	2328	TTPITTTTTVTPTPTPT	1.3784188527203236	0.6470588235294118
MUC2	2334	2351	TTPITTTTTVTPTPTPT	1.3784188527203236	0.6470588235294118
MUC2	2357	2374	TTPITTTTTVTPTPTPT	1.3784188527203236	0.6470588235294118
MUC2	2380	2397	TTPITTTTTVTPTPTPT	1.3784188527203236	0.6470588235294118
MUC2	2403	2420	TTPITTTTTVTPTPTPT	1.3784188527203236	0.6470588235294118
MUC2	2426	2443	TTPITTTTTVTPTPTPT	1.3784188527203236	0.6470588235294118
MUC2	2449	2466	TTPITTTTTVTPTPTPT	1.3784188527203236	0.6470588235294118
MUC2	2472	2489	TTPITTTTTVTPTPTPT	1.3784188527203236	0.6470588235294118
MUC2	2495	2512	TTPITTTTTVTPTPTPT	1.3784188527203236	0.6470588235294118
MUC2	2518	2535	TTPITTTTTVTPTPTPT	1.3784188527203236	0.6470588235294118
MUC2	2541	2558	TTPITTTTTVTPTPTPT	1.3784188527203236	0.6470588235294118
MUC2	2564	2581	TTPITTTTTVTPTPTPT	1.3784188527203236	0.6470588235294118
MUC2	2587	2604	TTPITTTTTVTPTPTPT	1.3784188527203236	0.6470588235294118
MUC2	2610	2627	TTPITTTTTVTPTPTPT	1.3784188527203236	0.6470588235294118
MUC2	2633	2650	TTPITTTTTVTPTPTPT	1.3784188527203236	0.6470588235294118
MUC2	2656	2673	TTPITTTTTVTPTPTPT	1.3784188527203236	0.6470588235294118
MUC2	2679	2696	TTPITTTTTVTPTPTPT	1.3784188527203236	0.6470588235294118
MUC2	2702	2719	TTPITTTTTVTPTPTPT	1.3784188527203236	0.6470588235294118
MUC2	2725	2742	TTPITTTTTVTPTPTPT	1.3784188527203236	0.6470588235294118
MUC2	2748	2765	TTPITTTTTVTPTPTPT	1.3784188527203236	0.6470588235294118
MUC2	2771	2788	TTPITTTTTVTPTPTPT	1.3784188527203236	0.6470588235294118
MUC2	2794	2811	TTPITTTTTVTPTPTPT	1.3784188527203236	0.6470588235294118
MUC2	2817	2834	TTPITTTTTVTPTPTPT	1.3784188527203236	0.6470588235294118
MUC2	2840	2857	TTPITTTTTVTPTPTPT	1.3784188527203236	0.6470588235294118
MUC2	2863	2880	TTPITTTTTVTPTPTPT	1.3784188527203236	0.6470588235294118
MUC2	2886	2903	TTPITTTTTVTPTPTPT	1.3784188527203236	0.6470588235294118
MUC2	2909	2926	TTPITTTTTVTPTPTPT	1.3784188527203236	0.6470588235294118
MUC2	2932	2949	TTPITTTTTVTPTPTPT	1.3784188527203236	0.6470588235294118
MUC2	2955	2972	TTPITTTTTVTPTPTPT	1.3784188527203236	0.6470588235294118
MUC2	2978	2995	TTPITTTTTVTPTPTPT	1.3784188527203236	0.6470588235294118
MUC2	3006	3018	TTTTVTPTPTPT	1.188721875540867	0.6666666666666666
MUC2	3024	3041	TTPITTTTTVTPTPTPT	1.3784188527203236	0.6470588235294118
MUC2	3047	3064	TTPITTTTTVTPTPTPT	1.3784188527203236	0.6470588235294118
MUC2	3070	3087	TTPITTTTTVTPTPTPT	1.3784188527203236	0.6470588235294118
MUC2	3093	3110	TTPITTTTTVTPTPTPT	1.3784188527203236	0.6470588235294118
MUC2	3116	3133	TTPITTTTTVTPTPTPT	1.3784188527203236	0.6470588235294118
MUC2	3139	3156	TTPITTTTTVTPTPTPT	1.3784188527203236	0.6470588235294118
MUC2	3162	3179	TTPITTTTTVTPTPTPT	1.3784188527203236	0.6470588235294118
MUC2	3185	3202	TTPITTTTTVTPTPTPT	1.3784188527203236	0.6470588235294118
MUC2	3208	3225	TTPITTTTTVTPTPTPT	1.3784188527203236	0.6470588235294118
MUC2	3231	3248	TTPITTTTTVTPTPTPT	1.3784188527203236	0.6470588235294118
MUC2	3254	3271	TTPITTTTTVTPTPTPT	1.3784188527203236	0.6470588235294118
MUC2	3277	3294	TTPITTTTTVTPTPTPT	1.3784188527203236	0.6470588235294118
MUC2	3300	3317	TTPITTTTTVTPTPTPT	1.3784188527203236	0.6470588235294118
MUC2	3323	3340	TTPITTTTTVTPTPTPT	1.3784188527203236	0.6470588235294118
MUC2	3346	3363	TTPITTTTTVTPTPTPT	1.3784188527203236	0.6470588235294118
MUC2	3369	3386	TTPITTTTTVTPTPTPT	1.3784188527203236	0.6470588235294118
MUC2	3392	3409	TTPITTTTTVTPTPTPT	1.3784188527203236	0.6470588235294118
MUC2	3415	3432	TTPITTTTTVTPTPTPT	1.3784188527203236	0.6470588235294118
MUC2	3438	3455	TTPITTTTTVTPTPTPT	1.3784188527203236	0.6470588235294118
MUC2	3461	3478	TTPITTTTTVTPTPTPT	1.3784188527203236	0.6470588235294118
MUC2	3484	3501	TTPITTTTTVTPTPTPT	1.3784188527203236	0.6470588235294118
MUC2	3507	3524	TTPITTTTTVTPTPTPT	1.3784188527203236	0.6470588235294118
MUC2	3530	3547	TTPITTTTTVTPTPTPT	1.3784188527203236	0.6470588235294118
MUC2	3553	3570	TTPITTTTTVTPTPTPT	1.3784188527203236	0.6470588235294118
MUC2	3576	3593	TTPITTTTTVTPTPTPT	1.3784188527203236	0.6470588235294118
MUC2	3599	3616	TTPITTTTTVTPTPTPT	1.3784188527203236	0.6470588235294118
MUC2	3622	3639	TTPITTTTTVTPTPTPT	1.3784188527203236	0.6470588235294118
MUC2	3645	3662	TTPITTTTTVTPTPTPT	1.3784188527203236	0.6470588235294118
MUC2	3668	3685	TTPITTTTTVTPTPTPT	1.3784188527203236	0.6470588235294118
MUC2	3691	3708	TTPITTTTTVTPTPTPT	1.3784188527203236	0.6470588235294118
MUC2	3714	3731	TTPITTTTTVTPTPTPT	1.3784188527203236	0.6470588235294118
MUC2	3737	3754	TTPITTTTTVTPTPTPT	1.3784188527203236	0.6470588235294118
MUC2	3760	3777	TTPITTTTTVTPTPTPT	1.3784188527203236	0.6470588235294118
MUC2	3783	3800	TTPITTTTTVTPTPTPT	1.3784188527203236	0.6470588235294118
MUC2	3806	3823	TTPITTTTTVTPTPTPT	1.3784188527203236	0.6470588235294118
MUC2	3829	3846	TTPITTTTTVTPTPTPT	1.3784188527203236	0.6470588235294118
MUC2	3852	3869	TTPITTTTTVTPTPTPT	1.3784188527203236	0.6470588235294118
MUC2	3875	3892	TTPITTTTTVTPTPTPT	1.3784188527203236	0.6470588235294118
MUC2	3898	3915	TTPITTTTTVTPTPTPT	1.3784188527203236	0.6470588235294118
MUC2	3921	3938	TTPITTTTTVTPTPTPT	1.3784188527203236	0.6470588235294118
MUC2	3944	3961	TTPITTTTTVTPTPTPT	1.3784188527203236	0.6470588235294118
MUC2	3967	3984	TTPITTTTTVTPTPTPT	1.3784188527203236	0.6470588235294118
MUC2	3990	4007	TTPITTTTTVTPTPTPT	1.3784188527203236	0.6470588235294118
MUC2	4013	4030	TTPITTTTTVTPTPTPT	1.3784188527203236	0.6470588235294118
MUC2	4036	4053	TTPITTTTTVTPTPTPT	1.3784188527203236	0.6470588235294118
MUC2	4059	4076	TTPITTTTTVTPTPTPT	1.3784188527203236	0.6470588235294118
MUC2	4082	4099	TTPITTTTTVTPTPTPT	1.3784188527203236	0.6470588235294118
MUC2	4105	4122	TTPITTTTTVTPTPTPT	1.3784188527203236	0.6470588235294118
MUC2	4128	4145	TTPITTTTTVTPTPTPT	1.3784188527203236	0.6470588235294118
MUC2	4151	4168	TTPITTTTTVTPTPTPT	1.3784188527203236	0.6470588235294118
MUC2	4174	4191	TTPITTTTTVTPTPTPT	1.3784188527203236	0.6470588235294118
MUC22	875	887	TTASTTSSETTT	1.5510981710072647	0.5833333333333334
MUC22	964	967	TTT	-0.0	1.0
MUC22	1014	1025	TTASTTSSETT	1.617189572592715	0.5454545454545454
MUC22	1094	1098	TTTT	-0.0	1.0
MUC22	1122	1124	SE	1.0	0.5
MUC22	1145	1148	TTT	-0.0	1.0
MUC22	1305	1308	TTT	-0.0	1.0
MUC22	1315	1318	TTV	0.9182958340544896	0.6666666666666666
MUC22	1376	1382	TVSTTS	1.4591479170272448	0.5
MUC3A	1519	1523	TKTT	0.8112781244591328	0.75
MUC5A	2401	2422	TSTTSATTTSTTSAPTTSTTS	1.5099686126368166	0.5714285714285714
MUC5A	2498	2526	STTSSPTTSTTSAPTTSTTSASTTSTTS	1.5744174271404585	0.5
MUC5A	2644	2654	TSASTTSTTS	1.360964047443681	0.5
MUC5A	2705	2722	TSTTSAPTTSTTSAPTT	1.7033848993102918	0.5294117647058824
MUC5A	2727	2729	PT	1.0	0.5
MUC5A	2742	2746	APTP	1.5	0.5
MUC5A	2753	2760	TSTISAS	1.8423709931771084	0.42857142857142855
MUC5A	2778	2783	STISA	1.9219280948873623	0.4
MUC5A	2789	2793	LSPT	2.0	0.25
MUC5A	2800	2801	I	-0.0	1.0
MUC5A	2804	2806	TS	1.0	0.5
MUC5A	2810	2813	STT	0.9182958340544896	0.6666666666666666
MUC5A	2825	2830	TSTTS	0.9709505944546686	0.6
MUC5A	2834	2836	TS	1.0	0.5
MUC5A	2841	2861	TSTTSAPTTSTTSAPTTRTT	1.8192407046368488	0.55
MUC5A	2866	2869	STT	0.9182958340544896	0.6666666666666666
MUC5A	2876	2878	TS	1.0	0.5
MUC5A	2889	2901	TSTTSAPTTRTT	1.780672129520887	0.5833333333333334
MUC5A	2905	2918	TSTTSAPTTSTTS	1.573402452417767	0.5384615384615384
MUC5A	2922	2930	STTSATTT	1.2987949406953985	0.625
MUC5A	3025	3038	TSTTSAPTTSTTS	1.573402452417767	0.5384615384615384
MUC5A	3042	3047	STTSS	0.9709505944546686	0.6
MUC5A	3075	3090	TTSAPTTSTTSAATT	1.672905595320056	0.5333333333333333
MUC5A	3097	3110	TSTTSAPTTSTTS	1.573402452417767	0.5384615384615384
MUC5A	3142	3143	A	-0.0	1.0
MUC5A	3358	3368	TTLVTTSTTS	1.570950594454669	0.6
MUC5A	3372	3379	STTSAPT	1.8423709931771086	0.42857142857142855
MUC5A	3400	3402	TP	1.0	0.5
MUC5A	3412	3415	STT	0.9182958340544896	0.6666666666666666
MUC5A	3456	3460	APTS	2.0	0.25
MUC5A	3463	3466	STP	1.584962500721156	0.3333333333333333
MUC5A	3476	3485	STTSGSGTT	1.5304930567574824	0.4444444444444444
MUC5A	3677	3681	TSTT	0.8112781244591328	0.75
MUC5A	3690	3693	APT	1.584962500721156	0.3333333333333333
MUC5A	3714	3716	TP	1.0	0.5
MUC5A	3718	3719	T	-0.0	1.0
MUC5A	3726	3729	STT	0.9182958340544896	0.6666666666666666
MUC5A	3749	3754	TSTTS	0.9709505944546686	0.6
MUC5A	3765	3770	STSSA	1.3709505944546687	0.6
MUC5A	3772	3774	TN	1.0	0.5
MUC5A	3775	3776	T	-0.0	1.0
MUC5A	3780	3785	TSTTS	0.9709505944546686	0.6
MUC5A	3796	3801	TSTTS	0.9709505944546686	0.6
MUC5A	3809	3810	S	-0.0	1.0
MUC5A	3813	3817	STTS	1.0	0.5
MUC5A	3821	3823	ST	1.0	0.5
MUC5A	3849	3851	TP	1.0	0.5
MUC5A	4089	4099	TTLVTTSTTS	1.570950594454669	0.6
MUC5A	4126	4139	TSTTSAPTTSTTS	1.573402452417767	0.5384615384615384
MUC5A	4150	4154	TSTT	0.8112781244591328	0.75
MUC5A	4158	4167	TSTTSAPTT	1.657742726504889	0.5555555555555556
MUC5A	4195	4202	SPTSSTT	1.4488156357251847	0.42857142857142855
MUC5A	4229	4230	T	-0.0	1.0
MUC5A	4249	4251	TS	1.0	0.5
MUC5B	2586	2587	T	-0.0	1.0
MUC5B	2719	2725	TTTATT	0.6500224216483541	0.8333333333333334
MUC5B	3139	3147	TAATTTAA	1.0	0.5
MUC5B	3838	3844	TTATTT	0.6500224216483541	0.8333333333333334
MUC5B	4367	4373	TKATTT	1.2516291673878228	0.6666666666666666
MUC5B	4377	4379	ST	1.0	0.5
MUC5B	4383	4384	S	-0.0	1.0
MUC5B	4621	4630	TTTPTTTTP	0.7642045065086203	0.7777777777777778
MY15B	1004	1012	EEEEEEEE	-0.0	1.0
MYL1	16	31	APAPAPAPAPAPAPA	0.9967916319816366	0.5333333333333333
MYL4	18	31	PAPAPAPAPAPAP	0.9957274520849255	0.5384615384615384
MYPOP	311	320	PPPPPPPPP	-0.0	1.0
MYT1	262	273	EEEEEEEEEEE	-0.0	1.0
MYT1	275	306	EEEEEEEEEEEEEEEEEEEEEEEEEEEEEEE	-0.0	1.0
MYT1L	153	167	EEEEEEEEEEEEEE	-0.0	1.0
NADAP	649	658	EEEEEEEEE	-0.0	1.0
NAF1	129	145	SSSSSSSSSSSSSSSS	-0.0	1.0
NBPF9	834	847	KRRGRRSKKKRRR	1.573402452417767	0.5384615384615384
NBPFC	1100	1118	KGKGKKRRGRRSKKKRRR	1.722266311943983	0.3888888888888889
NBPFJ	563	573	KRRGRRSKKE	2.0464393446710156	0.4
NBPFK	214	229	KGKGKKRRGRRSKKE	2.0225797618424917	0.4
NCBP3	347	359	EEEEEEEEEEEE	-0.0	1.0
NCKX1	862	868	EEEEEE	-0.0	1.0
NCKX1	879	890	EEEEEEEEEEE	-0.0	1.0
NCOA3	1250	1276	QQQQQQQQQQQQQQQQQQQQQQQQQQ	-0.0	1.0
NCOA6	262	285	QQQQQQQQQQQQQQQQQQQQQQQ	-0.0	1.0
NCOR1	1715	1728	REREREKERERER	1.3143204867061788	0.46153846153846156
NCOR2	496	510	QQQQQQQQQQQQQQ	-0.0	1.0
NDF1	67	75	EEEEEEEE	-0.0	1.0
NELFE	198	242	DRDRERDRDRDRDRDRERDRDRDRDRDRDRERDRDRERDRDRDR	1.3420192178195207	0.5
NF2L1	498	509	SSSSSSSSSSS	-0.0	1.0
NFAT5	1251	1266	QQQQQQQQQQQQQQQ	-0.0	1.0
NIPA1	6	16	AAAAAAAAAA	-0.0	1.0
NKX23	273	286	AAAAAAAAAAAAA	-0.0	1.0
NKX24	78	91	AAAAAAAAAAAAA	-0.0	1.0
NKX61	51	59	SSSSSSSS	-0.0	1.0
NKX61	138	150	AAAAAAAAAAAA	-0.0	1.0
NLK	73	83	AAAAAAAAAA	-0.0	1.0
NOLC1	218	227	SSSSSSSSS	-0.0	1.0
NP1L3	47	50	SSS	-0.0	1.0
NP1L3	54	65	SSGSGSSSSSS	0.6840384356390417	0.8181818181818182
NPAS3	765	772	GGGGGGG	-0.0	1.0
NPM2	131	148	EEEEGEEEEEEEEDDED	0.9780155566622414	0.7647058823529411
NR1D1	84	93	SSSSSSSSS	-0.0	1.0
NR4A3	98	108	HHHHHHHHHH	-0.0	1.0
NRDC	155	157	DD	-0.0	1.0
NRG2	656	667	GPGPGPGPGPG	0.9940302114769565	0.5454545454545454
NUCL	241	271	DEDEDDDDDEDDEDDDDEDDEEEEEEEEEE	1.0	0.5
NUCL	668	684	GRGGRGGFGGRGRGGF	1.2987949406953985	0.625
NUMBL	430	446	QQQQQQQQQQQQQQQQ	-0.0	1.0
OLIG2	227	237	AAAAAAAAAA	-0.0	1.0
ONEC2	41	54	GGGGGGGGGGGGG	-0.0	1.0
ONEC2	168	169	H	-0.0	1.0
ONEC3	58	64	GGGGGG	-0.0	1.0
OS9	418	429	EDEDEDEDEDE	0.9940302114769565	0.5454545454545454
OTU7A	680	689	AAAAAAAAA	-0.0	1.0
OTX1	137	146	SSSSASSSS	0.5032583347756457	0.8888888888888888
PAXI1	191	200	EEEEEEEEE	-0.0	1.0
PAXI1	510	513	QQQ	-0.0	1.0
PBX1	127	135	AAAAAAAA	-0.0	1.0
PBX2	137	145	AAAAAAAA	-0.0	1.0
PBX3	130	138	AAAAAAAA	-0.0	1.0
PCD16	25	33	LLLLLLLL	-0.0	1.0
PCDC2	28	36	LLLLLLLL	-0.0	1.0
PCGF6	91	99	EEEEEEEE	-0.0	1.0
PCLO	2407	2426	PPPPPPPPPPPPPPPPPPP	-0.0	1.0
PDXL2	164	172	EEEEEEEE	-0.0	1.0
PDZD7	775	785	SRSRSRSRSS	0.9709505944546686	0.6
PEG10	692	703	PPPPPPPPPPP	-0.0	1.0
PELP1	890	908	EEEEEEEEEEEEEEEEEE	-0.0	1.0
PELP1	945	958	EEEEDEEEEEELE	0.7732283485249176	0.8461538461538461
PERC1	36	47	EEEEEEEEEEE	-0.0	1.0
PHC1	427	439	QQQQQQQQQQQQ	-0.0	1.0
PHF14	118	133	KEKEKEKEKEKEREK	1.2866926683547546	0.4666666666666667
PHF23	250	261	EEEEEEEEEEE	-0.0	1.0
PHGR1	53	69	CGPPPHHGPGPCGPPP	1.75	0.5
PHLA1	192	204	QQQQQQQQQQQQ	-0.0	1.0
PHLA1	320	335	PQPQPQPQPQPQSQP	1.2866926683547546	0.4666666666666667
PHLP1	27	40	AAAAAAAAAAAAA	-0.0	1.0
PHLP2	51	60	SSSSSSSSS	-0.0	1.0
PHX2B	241	260	AAAAAAAAAAAAAAAAAAA	-0.0	1.0
PI4KA	10	18	GGGGGGGG	-0.0	1.0
PIAS4	480	487	EEEEEEE	-0.0	1.0
PININ	577	587	SSSSSSSSSS	-0.0	1.0
PININ	611	612	S	-0.0	1.0
PITM2	614	622	GGGGGGGG	-0.0	1.0
PITX3	242	250	AAAAAAAA	-0.0	1.0
PKHG5	770	779	EEEEEEEEE	-0.0	1.0
PLPR3	449	459	EEEEEEEEEE	-0.0	1.0
PMA6E	186	187	A	-0.0	1.0
PMA6F	189	195	GAGEEG	1.4591479170272448	0.5
PNISR	539	545	SGSSRT	1.7924812503605778	0.5
PNISR	616	627	RRSRSRSRDRR	1.2406705316766884	0.6363636363636364
PO3F1	29	37	AAAAAAAA	-0.0	1.0
PO3F2	71	88	GGGGGGGGGGGGGGGGG	-0.0	1.0
PO3F2	129	149	QQQQQQQQQQQQQQQQQQQQ	-0.0	1.0
PO3F3	31	43	GGGGGGGGGGGG	-0.0	1.0
PO3F3	106	115	AAAAAAAAA	-0.0	1.0
PO3F3	192	204	AAAAAAAAAAAA	-0.0	1.0
PO4F1	150	179	GGPGGGGGPGGGPGGGGGGGPGGGGGGPG	0.6631968402398287	0.8275862068965517
PO4F2	57	68	GGGGGGGGGGG	-0.0	1.0
PO4F2	174	182	HHHHHHHH	-0.0	1.0
PO6F2	187	196	QQQQQQQQQ	-0.0	1.0
PO6F2	450	458	SSSSSSSS	-0.0	1.0
PP2BB	13	21	PPPPPPPP	-0.0	1.0
PP4R2	301	310	EEDEEEEEE	0.5032583347756457	0.8888888888888888
PP6R1	674	685	EEDEEEEEDEE	0.6840384356390417	0.8181818181818182
PPIG	195	202	SSSSSSS	-0.0	1.0
PPIG	204	208	DSSS	0.8112781244591328	0.75
PPM1E	32	48	PEPEPEPEPEPESEPE	1.271782221599798	0.5
PPRC1	1444	1451	SSSSSSS	-0.0	1.0
PPRC1	1482	1499	SSSSSSSSSSSSSSSSS	-0.0	1.0
PR40A	284	294	AAAAAAAAAA	-0.0	1.0
PRAG1	1167	1179	PAPAPAPAAAAP	0.9798687566511528	0.5833333333333334
PRB2	60	64	PPQG	1.5	0.5
PRB2	71	75	PPPP	-0.0	1.0
PRB2	81	85	PPQG	1.5	0.5
PRB2	92	95	PPP	-0.0	1.0
PRB2	277	280	PPP	-0.0	1.0
PRB2	286	294	PPQGGSKS	2.25	0.25
PRB2	307	311	PPQG	1.5	0.5
PRB2	369	372	PQQ	0.9182958340544896	0.6666666666666666
PRB2	381	389	PPAGGNPQ	2.1556390622295662	0.375
PRB2	402	407	PRPPQ	1.3709505944546687	0.6
PRD12	349	359	AAAAAAAAAA	-0.0	1.0
PRDM2	270	276	EEEEEE	-0.0	1.0
PRDM2	1055	1063	SSSSSSSS	-0.0	1.0
PRDM8	589	598	AAAAAAAAA	-0.0	1.0
PRG4	168	177	SSSSSSSSS	-0.0	1.0
PRGC2	434	444	EEEEEEEEEE	-0.0	1.0
PRIMA	61	70	PPPPPPPPP	-0.0	1.0
PRP1	50	54	PPPP	-0.0	1.0
PRP1	60	64	PPQG	1.5	0.5
PRP1	71	74	PPP	-0.0	1.0
PRP1	111	115	PPPP	-0.0	1.0
PRP1	121	125	PPQG	1.5	0.5
PRP1	233	237	PPPP	-0.0	1.0
PRP1	243	246	PQQ	0.9182958340544896	0.6666666666666666
PRP1	315	318	PPP	-0.0	1.0
PRP1	324	326	PA	1.0	0.5
PRR12	837	845	PPPPPPPP	-0.0	1.0
PRR12	1041	1049	PPPPPPPP	-0.0	1.0
PTMA	63	69	EEEEEE	-0.0	1.0
PURA	31	43	GGGGGGGGGGGS	0.41381685030363374	0.9166666666666666
R3HD1	593	605	PPPPPPPPPPPP	-0.0	1.0
RAGP1	384	397	EEEEEEEEEEEEE	-0.0	1.0
RAI1	280	291	QQQQQQQQQQQ	-0.0	1.0
RANB9	83	92	PPPPPPPPP	-0.0	1.0
RAPH1	630	648	PPPPPPPPPPPPPPPPPP	-0.0	1.0
RBM10	116	125	EEEDEEEEE	0.5032583347756457	0.8888888888888888
RBM23	387	393	AAAAAA	-0.0	1.0
RBM24	164	172	AAAAAAAA	-0.0	1.0
RBM24	211	221	AAAAAAAAAA	-0.0	1.0
RBM25	311	347	RERERERERERREREREREREREREKEKERERERER	1.2539878735947696	0.4722222222222222
RBM25	359	371	DRDRERDRDRDR	1.3250112108241772	0.5
RBM25	392	426	RERERERERERERERERERERERERERERERERE	1.0	0.5
RBM27	340	358	PGPGPGPGPGPGPGPGPG	1.0	0.5
RBM4	286	295	AAAAAAAAA	-0.0	1.0
RBM47	490	502	AAAAAAAAAAAA	-0.0	1.0
RBP10	411	422	SSSSSSSSSSS	-0.0	1.0
RBP56	414	420	RGGYGG	1.2516291673878228	0.6666666666666666
RBP56	452	524	GGYGGDRGGGYGGDRGGGYGGDRGGGYGGDRGGYGGDRGGGYGGDRGGYGGDRGGYGGDRGGYGGDRGGYGG	1.5797455265134746	0.6111111111111112
RBP56	557	575	YGGDRGGGYGGDRGGYGG	1.5694452621548824	0.6111111111111112
RED	350	377	DRDRDRERERERDRERERERDREREEE	1.5012404120907166	0.4444444444444444
REPS2	5	17	AAAAAAAAAAAA	-0.0	1.0
RERE	1189	1197	KERERERE	1.4056390622295665	0.5
REXO1	582	589	SSSSSSS	-0.0	1.0
RFX1	386	399	GGGGGGGGGGGGG	-0.0	1.0
RFX7	850	863	PTPTPTPTPTPTP	0.9957274520849255	0.5384615384615384
RHG33	683	698	SESSSSESSSSSSES	0.7219280948873623	0.8
RIMB1	1264	1274	EEEEEEEEEE	-0.0	1.0
RLA0	293	294	A	-0.0	1.0
RLA0L	293	294	A	-0.0	1.0
RMP	302	311	DDDDDDDDD	-0.0	1.0
RN126	293	301	SSSSSSSS	-0.0	1.0
RNF12	453	476	SSGSSSSSSSSSSSSSSSSSSSS	0.2580186686648155	0.9565217391304348
RNF44	290	299	PPPPPPPPP	-0.0	1.0
RNPS1	97	104	SSSSASS	0.5916727785823275	0.8571428571428571
ROA2	267	273	GYGGGG	0.6500224216483541	0.8333333333333334
ROA3	287	293	GYGGGG	0.6500224216483541	0.8333333333333334
RPB1	1826	1831	PSSPS	0.9709505944546686	0.6
RPC7L	174	183	KEEEEEEEY	0.9864267287308424	0.7777777777777778
RS2	36	49	GRGRGRGRGRGRG	0.9957274520849255	0.5384615384615384
RSRP1	82	92	RSRSRSRSRR	0.9709505944546686	0.6
RT30	126	135	PEPEPEPEP	0.9910760598382222	0.5555555555555556
RTN4	34	43	EEEEEEEEE	-0.0	1.0
RU17	256	267	SRSRDRRRRSR	1.2406705316766884	0.6363636363636364
RUNX2	52	71	QQQQQQQQQQQQQQQQQQQ	-0.0	1.0
RUNX2	73	89	AAAAAAAAAAAAAAAA	-0.0	1.0
RYR1	1875	1898	EEEDEEEEGEEEDEEEKEEDEEE	1.0534081504863568	0.782608695652174
S12A2	95	107	AAAAAAAAAAAA	-0.0	1.0
S4A5	452	461	GGGGGSGGG	0.5032583347756457	0.8888888888888888
S4A5	465	469	GAGG	0.8112781244591328	0.75
SALL2	161	170	PPPPPPPPP	-0.0	1.0
SASH1	13	25	EPEPEPEPEPAP	1.3250112108241772	0.5
SATB1	594	607	QQQQQQQQQQQQQ	-0.0	1.0
SBK1	379	390	PVPVPVPVPVP	0.9940302114769565	0.5454545454545454
SCGR3	10	33	GCGGGCGGCGGGCGGGCGGGCGG	0.828055725379504	0.7391304347826086
SCGR6	4	31	GCGGCGGGCGGCGGGCSGGCGGGCGGG	1.0377724203178629	0.7037037037037037
SCGR7	5	30	CGSCGGCGGGCGGCGGGCGGGCGGG	1.0783220795483648	0.68
SCGR9	13	26	GCGGGCGGGCGGG	0.7793498372920851	0.7692307692307693
SCGRX	17	39	GGGCGGGCGGGCGGGCGGCGGG	0.7732266742876346	0.7727272727272727
SEM4B	27	35	LLLLLLLL	-0.0	1.0
SEM4G	766	774	PPPPPPPP	-0.0	1.0
SENP3	76	85	EEEEEEEEE	-0.0	1.0
SET	266	284	EDEGEEDEDDDEGEEGEE	1.4152689500270954	0.5555555555555556
SET1A	346	357	SSSSSSSSSSS	-0.0	1.0
SET1A	606	616	PPPPPPPPPP	-0.0	1.0
SET1A	1037	1058	SSSSSSSSSSSSSSSSSSSSS	-0.0	1.0
SET1A	1366	1377	EEGEEEEEESS	1.0957952550009336	0.7272727272727273
SET1B	710	718	PPPPPPPP	-0.0	1.0
SETBP	1523	1543	PPPPPPLPPPPPPPLPPPPP	0.4689955935892812	0.9
SETLP	278	296	EDEGEEDEDDDEGEEGEE	1.4152689500270954	0.5555555555555556
SF3B2	104	113	PPPPPPPPP	-0.0	1.0
SFPQ	74	85	QQPPPQQPPPH	1.3221793455166666	0.5454545454545454
SFR19	209	220	PPPPPPAPPAP	0.6840384356390417	0.8181818181818182
SFR19	270	282	EEEEEEEEEEEE	-0.0	1.0
SFR19	1024	1039	EEEEEEEEEEEEEEE	-0.0	1.0
SHE	165	174	SSSSSSSSS	-0.0	1.0
SHOT1	356	361	PPPPP	-0.0	1.0
SHOX2	62	77	GGGGGGGGGGGGGGG	-0.0	1.0
SHRM4	1134	1151	EEEEEEEEEEEEEEEEE	-0.0	1.0
SIA7E	40	49	QQQQQQQQQ	-0.0	1.0
SIK2	823	832	PPPPPPPPP	-0.0	1.0
SIK3	1004	1013	QQQQQQQQQ	-0.0	1.0
SIL2A	12	15	AAA	-0.0	1.0
SIL2B	12	15	AAA	-0.0	1.0
SIX3	41	51	GGAGGGSGGG	0.9219280948873623	0.8
SKDA1	227	244	AAAAAAAAAAAAAAAAA	-0.0	1.0
SKDA1	305	318	AAAAAAAAAAAAA	-0.0	1.0
SKDA1	339	351	HHHHHHHHHHHH	-0.0	1.0
SKDA1	419	428	EEEEEEEEE	-0.0	1.0
SKOR1	518	528	AAAAAAAAAA	-0.0	1.0
SKOR2	657	668	HHPHHHHHHHH	0.4394969869215134	0.9090909090909091
SKOR2	697	706	PPPPPPPPP	-0.0	1.0
SLIK5	802	807	QQPQQ	0.7219280948873623	0.8
SMCA2	218	238	QQQQQQQQQQQQQQQQQQQQ	-0.0	1.0
SMCA4	232	246	GPGPGPGPGPGPAP	1.2958363892911637	0.5
SMD1	100	116	GRGRGRGRGRGRGRGG	0.9886994082884974	0.5625
SNPC4	526	542	SSGSSGGSSSSSSSSS	0.6962122601251458	0.8125
SOX1	31	43	GGGGGGGGGGGG	-0.0	1.0
SOX21	156	166	AAAAAAAAAA	-0.0	1.0
SOX21	211	219	AAAAAAAA	-0.0	1.0
SOX3	236	248	AAAAAAAAAAAA	-0.0	1.0
SOX4	389	397	SSSGSSSS	0.5435644431995964	0.875
SP202	520	529	AVAAAAGGA	1.224394445405986	0.6666666666666666
SP8	69	81	AAAAAAAAAAAA	-0.0	1.0
SP8	107	116	AAAAAAAAA	-0.0	1.0
SP9	456	470	AAAAAAAAAAAAAA	-0.0	1.0
SPAG8	49	58	AAAAAASAA	0.5032583347756457	0.8888888888888888
SPRY3	375	383	EEEEEEEE	-0.0	1.0
SPT5H	45	53	EEEEEEEE	-0.0	1.0
SRBS2	642	650	HHHHHHHH	-0.0	1.0
SRCH	195	204	EEEEEEEEE	-0.0	1.0
SREK1	282	286	RERE	1.0	0.5
SREK1	290	294	KEKE	1.0	0.5
SRP68	12	30	GGGSGGGGGSGGGGSGGG	0.6500224216483541	0.8333333333333334
SRPK2	26	36	PPPPPPPPPP	-0.0	1.0
SRRM2	2534	2556	SSSSSSSSSSSSSSSSSSSSSS	-0.0	1.0
SRRM2	2609	2648	SSSSSSSSSSSSSSSSSSSSSSSSSSSSSSSSSSSSSSS	-0.0	1.0
SRRM4	582	595	SRSRSRSRSRSRS	0.9957274520849255	0.5384615384615384
SRS11	21	31	GGGGGGGGGG	-0.0	1.0
SRSF1	207	225	RSRSRSRSRSRSNSRSRS	1.2516291673878228	0.5
SRSF2	123	142	RRRRSRSRSRSRSRSRSRS	0.9819407868640977	0.5789473684210527
SRSF2	149	152	RSR	0.9182958340544896	0.6666666666666666
SRSF2	179	192	RSRSRSRSRSRSP	1.3143204867061788	0.46153846153846156
SRSF5	192	197	RTRSS	1.5219280948873621	0.4
SRSF5	199	209	SRSRSRSRSR	1.0	0.5
SRSF5	215	225	RSRSRSRSRS	1.0	0.5
SRSF6	196	218	RSRSRRRSRSRSRRSSRSRSRS	0.9940302114769565	0.5454545454545454
SRSF6	327	342	SRSRSKSRSRSRSSS	1.2309595631140104	0.6
SRSF7	128	139	RSRSRSHSRSR	1.3485878960124222	0.45454545454545453
STAC3	67	76	EEEEEEEEE	-0.0	1.0
STRC	9	18	LLLLLLLLL	-0.0	1.0
STRCL	9	18	LLLLLLLLL	-0.0	1.0
SYN2	488	496	SSSSSSSS	-0.0	1.0
T200C	222	230	AAAAAAAA	-0.0	1.0
T229A	190	200	QQQQQQQQQQ	-0.0	1.0
T22D1	499	509	QQQQQQQQQQ	-0.0	1.0
TAF4	173	187	PGPGPGPGPGPGPG	1.0	0.5
TAF7L	341	357	DEDEDEDEDEDEDKEE	1.271782221599798	0.5
TAOK2	380	392	EEEEEEEEEEEE	-0.0	1.0
TBL1R	110	118	AAAAAAAA	-0.0	1.0
TBP	58	95	QQQQQQQQQQQQQQQQQQQQQQQQQQQQQQQQQQQQQ	-0.0	1.0
TBX2	62	71	AAAAAAAAA	-0.0	1.0
TCRG1	187	242	QAQAQAQAQAQAQAQAQAQAQAQAQAQAQAQAQAQAQAQAQAQAQAQAQAQAQAQ	0.9997615248696312	0.509090909090909
TF3C3	98	111	EEEEEEEEEEEEE	-0.0	1.0
TF7L1	7	14	GGGGGGG	-0.0	1.0
THA11	105	132	QQQQQQQQQQQQQQQQQQQQQQQQQQQ	-0.0	1.0
TIM	668	678	EEEEEEEEEE	-0.0	1.0
TITIN	11070	11075	EEEIP	1.3709505944546687	0.6
TITIN	11461	11472	EKKVPVPPPKK	1.823067982273661	0.36363636363636365
TLE4	405	415	AAAAAAAAAA	-0.0	1.0
TM158	281	292	AAAAAAAAAAA	-0.0	1.0
TMM40	52	70	SSSSSSSSSSSSSSSSSS	-0.0	1.0
TNC18	2567	2577	SSSSSSSSSS	-0.0	1.0
TNC18	2615	2671	SSSSSSSSSSSSSSSSSSSSSSSSSSSSSSSSSSSSSSSSSSSSSSSSSSSSSSSS	-0.0	1.0
TNFL6	47	53	PPPPPP	-0.0	1.0
TNFL6	55	68	PPPPPPPLPPLPL	0.7793498372920851	0.7692307692307693
TOX3	446	455	QQQQQQQQQ	-0.0	1.0
TOX3	457	459	QM	1.0	0.5
TPRN	609	621	EEEEEEEEEEEE	-0.0	1.0
TPRXL	79	92	SSSPSSSSSTSSP	0.9912642605354288	0.7692307692307693
TPRXL	94	103	SSSSSSSSS	-0.0	1.0
TPRXL	109	117	SSSSSSSS	-0.0	1.0
TPRXL	119	128	SSSSSSSSS	-0.0	1.0
TPRXL	137	146	SSSSSSSSS	-0.0	1.0
TPRXL	155	167	SSSSSSSSSSSS	-0.0	1.0
TPRXL	169	184	SSSPSSSGSSPSSSN	1.2366407419411674	0.7333333333333333
TPRXL	189	204	SSSSPSSSSSSPSPR	1.0529815751302694	0.7333333333333333
TPRXL	206	217	SPSSSSSSTSS	0.8658566174572235	0.8181818181818182
TPRXL	225	236	SSPSSSSPSSS	0.6840384356390417	0.8181818181818182
TRA2A	216	231	GGGGGGGGGGGGGGG	-0.0	1.0
TRI26	424	432	EEEEEEEE	-0.0	1.0
TRI44	100	110	SEEESESEEE	0.8812908992306927	0.7
TRIO	2300	2312	GSGGGGGSGGGG	0.6500224216483541	0.8333333333333334
TRRAP	508	515	PPPPPPP	-0.0	1.0
TSH3	151	159	SSSSSSSS	-0.0	1.0
TTBK1	749	771	EEEEEEEEEEEEEEEEEEEEEE	-0.0	1.0
TULP1	121	135	EEDEEDEEEEAEEK	1.2916919971380596	0.7142857142857143
TUT7	848	859	EDDEEEEEEEE	0.6840384356390417	0.8181818181818182
U2AF1	213	223	GGGGGGGGGG	-0.0	1.0
U2AF5	213	223	GGGGGGGGGG	-0.0	1.0
UBP34	751	760	HHHHHHHHH	-0.0	1.0
UBP51	133	140	PPPPPPP	-0.0	1.0
UBX11	498	509	PGPSPGPGPGP	1.3221793455166666	0.5454545454545454
UNC80	748	766	DGGGGGGDGGGGGGGGGG	0.5032583347756457	0.8888888888888888
USF3	1464	1478	QQQQQQQQQQQQQQ	-0.0	1.0
VASP	172	189	PPGPPPPPGPPPPPGLP	0.9780155566622413	0.7647058823529411
VCIP1	7	18	PPPLPPPPPPP	0.4394969869215134	0.9090909090909091
VEZF1	338	354	QQQQQQQQQQQQQQQQ	-0.0	1.0
VIR	142	149	PPPPPPP	-0.0	1.0
VSI10	465	474	EEEEEEEEE	-0.0	1.0
WASF2	393	400	PPPPPPP	-0.0	1.0
WASH1	303	312	PPPPPPPPP	-0.0	1.0
WASH2	303	312	PPPPPPPPP	-0.0	1.0
WASH3	301	310	PPPPPPPPP	-0.0	1.0
WASH4	316	325	PPPPPPPPP	-0.0	1.0
WASH6	285	294	PPPPPPPPP	-0.0	1.0
WASL	376	383	PPPPPPP	-0.0	1.0
WASP	396	404	PPPPPPPP	-0.0	1.0
WDR26	8	25	GGGGGGGGGGGGGGGGG	-0.0	1.0
WDR70	154	164	EEEEEEEEEE	-0.0	1.0
WDR87	2248	2263	EEREEEEEREEEEVR	1.0529815751302694	0.7333333333333333
WHAMM	641	658	PPPPPPPPPPPPPPPPP	-0.0	1.0
WIPF1	81	90	GGGGGGGGG	-0.0	1.0
WIPF3	6	17	PPPPLPPPPPP	0.4394969869215134	0.9090909090909091
WT1	60	68	PPPPPPPP	-0.0	1.0
XYLT1	81	90	GGGGGGGGG	-0.0	1.0
YETS2	804	814	GGGGGGGGGG	-0.0	1.0
YLPM1	1550	1560	PPPPLPPPPP	0.4689955935892812	0.9
YTDC1	231	249	EEEEEEEEEEEEEEEEEE	-0.0	1.0
Z804A	1109	1119	AAAAAAAAAA	-0.0	1.0
ZBT47	284	294	EEEEEEEEEE	-0.0	1.0
ZBT7C	150	162	EEDEEEEEEEEE	0.41381685030363374	0.9166666666666666
ZBT8B	139	153	AAAAAAAAAAAAAA	-0.0	1.0
ZBTB4	87	100	SSSSSSSSSSSSS	-0.0	1.0
ZBTB4	102	111	SSSSSSSSS	-0.0	1.0
ZBTB4	112	114	PP	-0.0	1.0
ZBTB4	641	654	EEDEEEEEEDEEE	0.6193821946787638	0.8461538461538461
ZC3H4	543	552	PPPPPPPPP	-0.0	1.0
ZC3HD	684	702	RDRERERERERERDRERE	1.3821022532543101	0.5
ZC3HD	735	743	ERERERER	1.0	0.5
ZC3HD	748	776	REREREERERERERERERERERERERER	1.0	0.5
ZCH18	417	431	ERERERDRERERRQ	1.5744174271404583	0.5
ZCH18	433	442	RERERERER	0.9910760598382222	0.5555555555555556
ZEB1	1065	1071	EEEEEE	-0.0	1.0
ZFHX3	473	487	EEEEEEEEEEEEEE	-0.0	1.0
ZFHX3	774	784	AAVAAAAAAA	0.4689955935892812	0.9
ZFHX3	1725	1741	QQQQQQQQQQQQQQQQ	-0.0	1.0
ZFHX3	2041	2050	PPPPPPPPP	-0.0	1.0
ZFHX3	3514	3527	GGGGGGGGGGGGG	-0.0	1.0
ZFHX4	1774	1784	PPPQQQQQQQ	0.8812908992306927	0.7
ZFHX4	1961	1966	PPPPP	-0.0	1.0
ZFHX4	1998	2016	PPPPPPPPPPPPPPPPPP	-0.0	1.0
ZFHX4	3116	3124	PPPPPPPP	-0.0	1.0
ZIC2	458	470	AAAAAAAAAAAA	-0.0	1.0
ZIC2	485	497	GGGSGGGSGSGG	0.8112781244591328	0.75
ZIC5	165	173	PPPPPPPP	-0.0	1.0
ZIC5	412	424	PPPPPPPPPPPP	-0.0	1.0
ZMIZ1	286	302	AVAAAAATATATATAT	1.198192411043098	0.625
ZMIZ2	151	167	AVAAAAATATATATAT	1.198192411043098	0.625
ZN281	21	32	SGGGGSGGGGG	0.6840384356390417	0.8181818181818182
ZN318	1444	1456	PPPPPPPPPPPP	-0.0	1.0
ZN326	501	512	DEDEEEEAEEV	1.4911148500551854	0.6363636363636364
ZN341	181	187	PPPPPP	-0.0	1.0
ZN358	401	416	AAAAAAAAAAAAAAA	-0.0	1.0
ZN384	476	496	QAQAQAQAQAQAQAQAQAQA	1.0	0.5
ZN384	503	516	QQQQQQQQQQQQQ	-0.0	1.0
ZN462	546	554	PPPPPPPP	-0.0	1.0
ZN503	19	27	GGGGGGGG	-0.0	1.0
ZN503	191	204	GGGGGGGGGGGGG	-0.0	1.0
ZN579	18	36	GRGRGRGRGRGRGRGRGG	0.9910760598382222	0.5555555555555556
ZN827	332	343	PPPPPPPPPPP	-0.0	1.0
ZN830	163	170	EEEEEEE	-0.0	1.0
ZN853	253	259	LLQQQQ	0.9182958340544896	0.6666666666666666
ZN853	263	268	QQLLE	1.5219280948873621	0.4
ZN853	289	299	QQQQLLQQQQ	0.7219280948873623	0.8
ZN853	303	306	QQQ	-0.0	1.0
ZN865	95	117	SSSSSSSSSSSSSSSSSSSSSS	-0.0	1.0
ZRAB2	225	238	RSRSRSRSSSSSQ	1.2389012566026305	0.6153846153846154
ZSWM6	22	34	GGGGSSGGGGGA	1.040852082972755	0.75
ZSWM6	170	184	AAAAAAAAAAAAAA	-0.0	1.0
