No. of Tools 	Best Peptide 	Count	Proportion
1	L	2542	0.119152526483547
1	S	1393	0.0652948345364207
1	A	1155	0.0541389331583388
1	V	913	0.0427955376394488
1	E	867	0.0406393550201556
1	G	835	0.0391394018936908
1	K	730	0.0342176806974782
1	I	551	0.0258273178963157
1	T	547	0.0256398237555076
1	R	519	0.0243273647698509
1	D	426	0.0199681259960626
1	P	402	0.018843161151214
1	Q	355	0.0166401049967189
1	F	233	0.0109215337020718
1	N	183	0.00857785694197056
1	Y	163	0.00764038623793006
1	C	89	0.00417174463298022
1	H	85	0.00398425049217212
1	AA	57	0.00267179150651542
1	LL	56	0.0026249179713134
1	Others	9233	0.432783351
2	L	9274	0.190259313966847
2	S	3192	0.0654849827671098
2	E	2624	0.0538322665353685
2	A	2591	0.0531552601345807
2	K	2120	0.0434925324142459
2	V	2113	0.0433489249958969
2	G	2073	0.0425283111767602
2	P	1734	0.0355736090595766
2	R	1699	0.0348555719678319
2	I	1125	0.0230797636632201
2	T	992	0.0203512227145905
2	F	891	0.0182791728212703
2	D	858	0.0176021664204825
2	Q	738	0.0151403249630724
2	N	555	0.0113860167405219
2	Y	356	0.00730346299031676
2	H	296	0.00607254226161169
2	M	223	0.00457492204168718
2	C	210	0.00430822255046775
2	W	86	0.00176431971114394
2	Others	14994	0.30760709
3	L	5604	0.12708923914276
3	S	3049	0.0691461616963375
3	A	2182	0.0494840684884908
3	E	1909	0.0432928903503799
3	G	1593	0.036126544959746
3	V	1409	0.0319537362512757
3	K	1338	0.0303435763692029
3	R	1245	0.0282344937067695
3	P	1179	0.0267377253656877
3	I	912	0.0206826170767661
3	T	901	0.0204331556865858
3	D	728	0.0165098083682957
3	Q	651	0.0147635786370337
3	F	578	0.0131080621385645
3	N	382	0.00866311373171561
3	Y	317	0.00718902369883207
3	C	291	0.00659938768567865
3	H	246	0.00557886381675927
3	M	154	0.0034924594625241
3	W	129	0.00292550175756889
3	Others	19298	0.437645992
4	L	14323	0.145724808725378
4	S	9637	0.0980485918932118
4	P	6249	0.0635784632915514
4	E	6133	0.0623982581800423
4	A	4897	0.0498229692332736
4	G	4440	0.0451733680612079
4	K	3984	0.0405339410711379
4	R	3446	0.0350602311574149
4	V	2525	0.025689809539313
4	T	1904	0.0193716425199414
4	Q	1866	0.0189850236041022
4	D	1465	0.0149051766237994
4	C	1406	0.0143048998860492
4	I	1114	0.011334038743285
4	F	920	0.00936024743610614
4	N	704	0.00716262412502035
4	H	528	0.00537196809376526
4	Y	411	0.00418158880026046
4	M	206	0.00209588149112811
4	LL	195	0.00198396548917467
4	Others	98288	0.324912502
5	L	6363	0.0647508369882669
5	S	6082	0.0618913390794655
5	P	4707	0.047899134009708
5	E	4292	0.0436760321159267
5	A	3959	0.04028737445176
5	G	3467	0.0352807090740722
5	R	2725	0.027730006410974
5	K	2673	0.0272008466556086
5	V	1678	0.017075578259675
5	Q	1665	0.0169432883208336
5	T	1591	0.0161902532843521
5	D	1277	0.0129949424538766
5	I	909	0.00925011956975241
5	F	673	0.00684854837232494
5	H	672	0.0068383722231833
5	N	609	0.00619727482725987
5	C	550	0.005596882027903
5	Y	385	0.0039178174195321
5	SS	325	0.00330724847103359
5	M	283	0.00287985020708464
5	Others	53384	0.543243546
6	L	4196	0.0690870173705442
6	S	3945	0.0649543097061003
6	P	3177	0.0523092121511484
6	E	2790	0.0459372684613485
6	A	2425	0.0399275541285914
6	G	2299	0.0378529678109821
6	K	1878	0.0309212151148432
6	R	1752	0.0288466287972339
6	Q	1021	0.0168107351609451
6	T	986	0.0162344611838314
6	V	840	0.0138305754507286
6	D	678	0.0111632501852309
6	I	496	0.00816662550423973
6	H	453	0.00745863176092862
6	C	369	0.00607557421585577
6	F	341	0.00561455503416481
6	N	312	0.00513707088169918
6	SS	261	0.00429735737219066
6	PG	236	0.00388573310282374
6	LL	235	0.00386926813204907
6	Others	32045	0.527619988
7	S	2707	0.0748845057954577
7	P	2435	0.0673600929486293
7	E	1937	0.0535837782511273
7	L	1814	0.0501811945005394
7	K	1611	0.0445655481479432
7	G	1541	0.0426291183711859
7	A	1505	0.0416332402002822
7	R	899	0.0248692909900689
7	T	604	0.0167086226451631
7	Q	585	0.0161830202771861
7	D	356	0.00984812857893718
7	V	355	0.00982046529641207
7	EC	279	0.00771805582450414
7	PP	267	0.00738609643420288
7	H	266	0.00735843315167778
7	SS	264	0.00730310658662757
7	C	238	0.00658386124097485
7	EE	225	0.0062242385681485
7	LL	186	0.00514537054966942
7	AA	171	0.00473042131179286
7	Others	17904	0.49528341
8	P	1337	0.0732081257186662
8	S	1184	0.0648305316760664
8	E	975	0.0533866287028418
8	G	877	0.0480205880742485
8	A	854	0.0467612111920276
8	K	737	0.0403548157476866
8	L	692	0.0378908174998631
8	T	454	0.0248590045447079
8	R	397	0.0217379400974648
8	Q	296	0.0162076329190166
8	SS	179	0.00980123747467557
8	C	178	0.00974648195805727
8	D	177	0.00969172644143898
8	PP	177	0.00969172644143898
8	EC	155	0.00848710507583639
8	EE	153	0.00837759404259979
8	AA	144	0.0078847943930351
8	V	128	0.00700870612714231
8	GG	113	0.00618737337786782
8	GP	113	0.00618737337786782
8	Others	8943	0.489678585
9	P	797	0.0892597155336544
9	S	652	0.0730204950162392
9	G	625	0.0699966401612723
9	E	562	0.062940978833016
9	A	412	0.0461417851943107
9	L	285	0.0319184679135402
9	T	232	0.0259827528278643
9	K	205	0.0229588979728973
9	R	188	0.0210549893605107
9	Q	159	0.0178071452570277
9	C	144	0.0161272258931571
9	PP	107	0.0119834247956098
9	D	103	0.0115354462985777
9	SS	94	0.0105274946802553
9	EE	83	0.00929555381341696
9	GG	75	0.00839959681935267
9	AA	67	0.00750363982528839
9	LL	57	0.00638369358270803
9	GP	51	0.00571172583715982
9	H	49	0.00548773658864374
9	Others	3982	0.445962594
10	G	395	0.0854423534501406
10	P	391	0.0845771144278607
10	S	332	0.0718148388492321
10	E	332	0.0718148388492321
10	A	263	0.0568894657149037
10	Q	145	0.0313649145576465
10	T	139	0.0300670560242267
10	L	95	0.0205494267791477
10	GG	81	0.0175210902011681
10	PP	75	0.0162232316677482
10	SS	66	0.0142764438676184
10	K	64	0.0138438243564785
10	D	62	0.0134112048453385
10	R	60	0.0129785853341986
10	C	47	0.0101665585117889
10	EE	47	0.0101665585117889
10	H	42	0.009085009733939
10	AA	32	0.00692191217823924
10	LPG	29	0.00627298291152931
10	TT	29	0.00627298291152931
10	Others	1897	0.410339606
11	P	211	0.103787506148549
11	G	182	0.0895228726020659
11	T	161	0.0791933103787506
11	S	152	0.0747663551401869
11	E	131	0.0644367929168716
11	A	77	0.0378750614854894
11	Q	60	0.029513034923758
11	GG	40	0.0196753566158387
11	L	38	0.0186915887850467
11	R	32	0.0157402852926709
11	PP	29	0.014264633546483
11	K	29	0.014264633546483
11	SS	26	0.0127889818002951
11	EE	22	0.0108214461387113
11	D	19	0.00934579439252336
11	C	18	0.0088539104771274
11	PPQ	17	0.00836202656173143
11	RR	17	0.00836202656173143
11	H	16	0.00787014264633546
11	SG	16	0.00787014264633546
11	Others	740	0.363994097
12	T	123	0.117254528122021
12	E	120	0.114394661582459
12	S	109	0.103908484270734
12	A	108	0.102955195424214
12	P	107	0.102001906577693
12	G	95	0.0905624404194471
12	Q	80	0.0762631077216397
12	GG	27	0.0257387988560534
12	H	13	0.0123927550047664
12	PPG	11	0.0104861773117255
12	TT	11	0.0104861773117255
12	L	11	0.0104861773117255
12	TS	9	0.00857959961868446
12	TTS	7	0.00667302192564347
12	EE	6	0.00571973307912297
12	PG	6	0.00571973307912297
12	RSR	6	0.00571973307912297
12	PPQ	6	0.00571973307912297
12	RE	6	0.00571973307912297
12	GPP	6	0.00571973307912297
12	Others	182	0.17349857
13	TTS	7	0.225806451612903
13	G	4	0.129032258064516
13	SDS	3	0.0967741935483871
13	SSD	2	0.0645161290322581
13	DSS	2	0.0645161290322581
13	STT	2	0.0645161290322581
13	A	1	0.032258064516129
13	S	1	0.032258064516129
13	SD	1	0.032258064516129
13	GS	1	0.032258064516129
13	GCG	1	0.032258064516129
13	CG	1	0.032258064516129
13	TT	1	0.032258064516129
13	T	1	0.032258064516129
13	TST	1	0.032258064516129
13	TS	1	0.032258064516129
13	D	1	0.032258064516129
13	Others	0	0
